schema_name,table_name,has_primary_key,estimated_size,column_count,index_count,check_constraint_count,sql
main,car_int,True,6,2,1,0,"CREATE TABLE car_int(CAR_INT TINYINT, DESCRICAO VARCHAR, PRIMARY KEY(CAR_INT));"
main,cbor,True,2812,2,1,0,"CREATE TABLE cbor(CBOR VARCHAR, DESCRICAO VARCHAR, PRIMARY KEY(CBOR));"
main,cid,True,14253,7,1,0,"CREATE TABLE cid(CID VARCHAR, DESCRICAO VARCHAR, TP_NIVEL VARCHAR, RESTRSEXO VARCHAR, DS_CATEGORIA VARCHAR, DS_GRUPO VARCHAR, DS_CAPITULO VARCHAR, PRIMARY KEY(CID));"
main,complexidade,True,3,2,1,0,"CREATE TABLE complexidade(COMPLEX VARCHAR, DESCRICAO VARCHAR, PRIMARY KEY(COMPLEX));"
main,contraceptivos,True,12,2,1,0,"CREATE TABLE contraceptivos(CONTRACEPTIVO TINYINT, DESCRICAO VARCHAR, PRIMARY KEY(CONTRACEPTIVO));"
main,especialidade,True,70,2,1,0,"CREATE TABLE especialidade(ESPEC TINYINT, DESCRICAO VARCHAR, PRIMARY KEY(ESPEC));"
main,etnia,True,264,2,1,0,"CREATE TABLE etnia(ETNIA SMALLINT, DESCRICAO VARCHAR, PRIMARY KEY(ETNIA));"
main,hospital,True,6873,6,1,0,"CREATE TABLE hospital(CNES INTEGER, NO_HOSPITAL VARCHAR, MUNIC_MOV INTEGER, NATUREZA VARCHAR, GESTAO VARCHAR, NAT_JUR VARCHAR, PRIMARY KEY(CNES));"
main,instrucao,True,4,2,1,0,"CREATE TABLE instrucao(INSTRU TINYINT, DESCRICAO VARCHAR, PRIMARY KEY(INSTRU));"
main,internacao_procedimento,True,187957888,3,1,0,"CREATE TABLE internacao_procedimento(id_atendimento UBIGINT, N_AIH BIGINT, PROC_REA BIGINT, PRIMARY KEY(id_atendimento));"
main,internacoes,True,183877219,46,1,0,"CREATE TABLE internacoes(N_AIH BIGINT, CNES INTEGER, DT_INTER DATE, DT_SAIDA DATE, DIAS_PERM SMALLINT, DIAR_ACOM SMALLINT, CAR_INT TINYINT, ESPEC TINYINT, COMPLEX VARCHAR, MARCA_UTI TINYINT, UTI_INT_TO TINYINT, IND_VDRL BOOLEAN, MORTE BOOLEAN, GESTRISCO BOOLEAN, DIAG_PRINC VARCHAR, DIAG_SECUN VARCHAR, CID_MORTE VARCHAR, CID_NOTIF VARCHAR, DIAGSEC1 VARCHAR, DIAGSEC2 VARCHAR, DIAGSEC3 VARCHAR, DIAGSEC4 VARCHAR, DIAGSEC5 VARCHAR, DIAGSEC6 VARCHAR, DIAGSEC7 VARCHAR, DIAGSEC8 VARCHAR, DIAGSEC9 VARCHAR, VAL_SH DOUBLE, VAL_SP DOUBLE, VAL_UTI DOUBLE, VAL_TOT DOUBLE, NASC DATE, IDADE SMALLINT, SEXO TINYINT, RACA_COR TINYINT, ETNIA SMALLINT, NACIONAL SMALLINT, INSTRU TINYINT, VINCPREV TINYINT, CBOR VARCHAR, MUNIC_RES INTEGER, CEP VARCHAR, NUM_FILHOS TINYINT, CONTRACEP1 TINYINT, CONTRACEP2 TINYINT, INSC_PN VARCHAR, PRIMARY KEY(N_AIH));"
main,marca_uti,True,17,2,1,0,"CREATE TABLE marca_uti(MARCA_UTI TINYINT, DESCRICAO VARCHAR, PRIMARY KEY(MARCA_UTI));"
main,municipios,True,5589,7,1,0,"CREATE TABLE municipios(CO_MUNICIPIO_6D INTEGER, CO_MUNICIPIO_7D INTEGER, NO_MUNICIPIO VARCHAR, SG_UF VARCHAR, NO_REGIAO_SAUDE VARCHAR, latitude FLOAT, longitude FLOAT, PRIMARY KEY(CO_MUNICIPIO_6D));"
main,nacionalidade,True,332,2,1,0,"CREATE TABLE nacionalidade(NACIONAL SMALLINT, DESCRICAO VARCHAR, PRIMARY KEY(NACIONAL));"
main,procedimentos,True,5394,2,1,0,"CREATE TABLE procedimentos(PROC_REA BIGINT, NOME_PROC VARCHAR, PRIMARY KEY(PROC_REA));"
main,raca_cor,True,5,2,1,0,"CREATE TABLE raca_cor(RACA_COR TINYINT, DESCRICAO VARCHAR, PRIMARY KEY(RACA_COR));"
main,sexo,True,3,2,1,0,"CREATE TABLE sexo(SEXO TINYINT, DESCRICAO VARCHAR, PRIMARY KEY(SEXO));"
main,socioeconomico,True,72395,11,1,0,"CREATE TABLE socioeconomico(CO_MUNICIPIO_6D INTEGER, NU_ANO SMALLINT, QT_POPULACAO BIGINT, VL_PIB_PERCAPITA DOUBLE, QT_OBITOS_INFANTIS INTEGER, QT_NASCIDOS_VIVOS INTEGER, VL_MORT_INFANTIL DOUBLE, QT_LEITOS_SUS INTEGER, VL_LEITOS_SUS_1000 DOUBLE, QT_MEDICOS INTEGER, VL_MEDICOS_1000 DOUBLE, PRIMARY KEY(CO_MUNICIPIO_6D, NU_ANO));"
main,stg_hospital,False,6873,6,0,0,"CREATE TABLE stg_hospital(CNES INTEGER, NO_HOSPITAL VARCHAR, MUNIC_MOV INTEGER, NATUREZA VARCHAR, GESTAO VARCHAR, NAT_JUR VARCHAR);"
main,stg_internacoes,False,183877219,47,0,0,"CREATE TABLE stg_internacoes(N_AIH BIGINT, CNES INTEGER, DT_INTER DATE, DT_SAIDA DATE, DIAS_PERM BIGINT, DIAR_ACOM SMALLINT, CAR_INT TINYINT, ESPEC TINYINT, COMPLEX VARCHAR, MARCA_UTI TINYINT, UTI_INT_TO TINYINT, IND_VDRL BOOLEAN, MORTE BOOLEAN, CID_MORTE VARCHAR, GESTRISCO BOOLEAN, DIAG_PRINC VARCHAR, DIAG_SECUN VARCHAR, CID_MORTE_1 VARCHAR, CID_NOTIF VARCHAR, DIAGSEC1 VARCHAR, DIAGSEC2 VARCHAR, DIAGSEC3 VARCHAR, DIAGSEC4 VARCHAR, DIAGSEC5 VARCHAR, DIAGSEC6 VARCHAR, DIAGSEC7 VARCHAR, DIAGSEC8 VARCHAR, DIAGSEC9 VARCHAR, VAL_SH DOUBLE, VAL_SP DOUBLE, VAL_UTI DOUBLE, VAL_TOT DOUBLE, NASC DATE, IDADE SMALLINT, SEXO TINYINT, RACA_COR TINYINT, ETNIA SMALLINT, NACIONAL SMALLINT, INSTRU TINYINT, VINCPREV TINYINT, CBOR VARCHAR, MUNIC_RES INTEGER, CEP VARCHAR, NUM_FILHOS TINYINT, CONTRACEP1 TINYINT, CONTRACEP2 TINYINT, INSC_PN VARCHAR);"
main,stg_sexo,False,2,2,0,0,"CREATE TABLE stg_sexo(SEXO TINYINT, DESCRICAO VARCHAR);"
main,tempo,True,6210,5,1,0,"CREATE TABLE tempo(""data"" DATE, ano SMALLINT, mes TINYINT, trimestre TINYINT, dia_semana TINYINT, PRIMARY KEY(""data""));"
main,vincprev,True,6,2,1,0,"CREATE TABLE vincprev(VINCPREV TINYINT, DESCRICAO VARCHAR, PRIMARY KEY(VINCPREV));"
main_dbt_test__audit,accepted_values_stg_internacoes_RACA_COR__0__1__2__3__4__5,False,0,2,0,0,"CREATE TABLE main_dbt_test__audit.accepted_values_stg_internacoes_RACA_COR__0__1__2__3__4__5(value_field TINYINT, n_records BIGINT);"
main_dbt_test__audit,accepted_values_stg_sexo_SEXO__0__1__3,False,0,2,0,0,"CREATE TABLE main_dbt_test__audit.accepted_values_stg_sexo_SEXO__0__1__3(value_field TINYINT, n_records BIGINT);"
main_dbt_test__audit,dbt_utils_source_accepted_rang_1a18b2060f4c9f3544ea148aa02bd0ef,False,0,11,0,0,"CREATE TABLE main_dbt_test__audit.dbt_utils_source_accepted_rang_1a18b2060f4c9f3544ea148aa02bd0ef(CO_MUNICIPIO_6D INTEGER, NU_ANO SMALLINT, QT_POPULACAO BIGINT, VL_PIB_PERCAPITA DOUBLE, QT_OBITOS_INFANTIS INTEGER, QT_NASCIDOS_VIVOS INTEGER, VL_MORT_INFANTIL DOUBLE, QT_LEITOS_SUS INTEGER, VL_LEITOS_SUS_1000 DOUBLE, QT_MEDICOS INTEGER, VL_MEDICOS_1000 DOUBLE);"
main_dbt_test__audit,dbt_utils_source_accepted_rang_3102aa068aea89a943afb942e0556f12,False,0,11,0,0,"CREATE TABLE main_dbt_test__audit.dbt_utils_source_accepted_rang_3102aa068aea89a943afb942e0556f12(CO_MUNICIPIO_6D INTEGER, NU_ANO SMALLINT, QT_POPULACAO BIGINT, VL_PIB_PERCAPITA DOUBLE, QT_OBITOS_INFANTIS INTEGER, QT_NASCIDOS_VIVOS INTEGER, VL_MORT_INFANTIL DOUBLE, QT_LEITOS_SUS INTEGER, VL_LEITOS_SUS_1000 DOUBLE, QT_MEDICOS INTEGER, VL_MEDICOS_1000 DOUBLE);"
main_dbt_test__audit,dbt_utils_source_accepted_rang_3e54c8366885e58155d2f77835412cbe,False,0,7,0,0,"CREATE TABLE main_dbt_test__audit.dbt_utils_source_accepted_rang_3e54c8366885e58155d2f77835412cbe(CO_MUNICIPIO_6D INTEGER, CO_MUNICIPIO_7D INTEGER, NO_MUNICIPIO VARCHAR, SG_UF VARCHAR, NO_REGIAO_SAUDE VARCHAR, latitude FLOAT, longitude FLOAT);"
main_dbt_test__audit,dbt_utils_source_accepted_rang_6890d7ed6eb2ca06debd4047d5b3d939,False,0,11,0,0,"CREATE TABLE main_dbt_test__audit.dbt_utils_source_accepted_rang_6890d7ed6eb2ca06debd4047d5b3d939(CO_MUNICIPIO_6D INTEGER, NU_ANO SMALLINT, QT_POPULACAO BIGINT, VL_PIB_PERCAPITA DOUBLE, QT_OBITOS_INFANTIS INTEGER, QT_NASCIDOS_VIVOS INTEGER, VL_MORT_INFANTIL DOUBLE, QT_LEITOS_SUS INTEGER, VL_LEITOS_SUS_1000 DOUBLE, QT_MEDICOS INTEGER, VL_MEDICOS_1000 DOUBLE);"
main_dbt_test__audit,dbt_utils_source_accepted_rang_777c86d82b14a00657691c6db817c463,False,0,11,0,0,"CREATE TABLE main_dbt_test__audit.dbt_utils_source_accepted_rang_777c86d82b14a00657691c6db817c463(CO_MUNICIPIO_6D INTEGER, NU_ANO SMALLINT, QT_POPULACAO BIGINT, VL_PIB_PERCAPITA DOUBLE, QT_OBITOS_INFANTIS INTEGER, QT_NASCIDOS_VIVOS INTEGER, VL_MORT_INFANTIL DOUBLE, QT_LEITOS_SUS INTEGER, VL_LEITOS_SUS_1000 DOUBLE, QT_MEDICOS INTEGER, VL_MEDICOS_1000 DOUBLE);"
main_dbt_test__audit,dbt_utils_source_accepted_rang_86cab16768069715b1d6349bd3387189,False,0,7,0,0,"CREATE TABLE main_dbt_test__audit.dbt_utils_source_accepted_rang_86cab16768069715b1d6349bd3387189(CO_MUNICIPIO_6D INTEGER, CO_MUNICIPIO_7D INTEGER, NO_MUNICIPIO VARCHAR, SG_UF VARCHAR, NO_REGIAO_SAUDE VARCHAR, latitude FLOAT, longitude FLOAT);"
main_dbt_test__audit,dbt_utils_source_accepted_rang_92c019c1ee7790db14579fbb9093e5ec,False,1,11,0,0,"CREATE TABLE main_dbt_test__audit.dbt_utils_source_accepted_rang_92c019c1ee7790db14579fbb9093e5ec(CO_MUNICIPIO_6D INTEGER, NU_ANO SMALLINT, QT_POPULACAO BIGINT, VL_PIB_PERCAPITA DOUBLE, QT_OBITOS_INFANTIS INTEGER, QT_NASCIDOS_VIVOS INTEGER, VL_MORT_INFANTIL DOUBLE, QT_LEITOS_SUS INTEGER, VL_LEITOS_SUS_1000 DOUBLE, QT_MEDICOS INTEGER, VL_MEDICOS_1000 DOUBLE);"
main_dbt_test__audit,dbt_utils_source_accepted_rang_c2d40d6e54bd30fc3d6952faf9b46e1e,False,366,5,0,0,"CREATE TABLE main_dbt_test__audit.dbt_utils_source_accepted_rang_c2d40d6e54bd30fc3d6952faf9b46e1e(""data"" DATE, ano SMALLINT, mes TINYINT, trimestre TINYINT, dia_semana TINYINT);"
main_dbt_test__audit,dbt_utils_source_accepted_rang_c4b4734e30bb150d860146005c9ac02b,False,0,11,0,0,"CREATE TABLE main_dbt_test__audit.dbt_utils_source_accepted_rang_c4b4734e30bb150d860146005c9ac02b(CO_MUNICIPIO_6D INTEGER, NU_ANO SMALLINT, QT_POPULACAO BIGINT, VL_PIB_PERCAPITA DOUBLE, QT_OBITOS_INFANTIS INTEGER, QT_NASCIDOS_VIVOS INTEGER, VL_MORT_INFANTIL DOUBLE, QT_LEITOS_SUS INTEGER, VL_LEITOS_SUS_1000 DOUBLE, QT_MEDICOS INTEGER, VL_MEDICOS_1000 DOUBLE);"
main_dbt_test__audit,dbt_utils_source_accepted_rang_c6958574dbb3d45d1d2b833f5085e83d,False,0,11,0,0,"CREATE TABLE main_dbt_test__audit.dbt_utils_source_accepted_rang_c6958574dbb3d45d1d2b833f5085e83d(CO_MUNICIPIO_6D INTEGER, NU_ANO SMALLINT, QT_POPULACAO BIGINT, VL_PIB_PERCAPITA DOUBLE, QT_OBITOS_INFANTIS INTEGER, QT_NASCIDOS_VIVOS INTEGER, VL_MORT_INFANTIL DOUBLE, QT_LEITOS_SUS INTEGER, VL_LEITOS_SUS_1000 DOUBLE, QT_MEDICOS INTEGER, VL_MEDICOS_1000 DOUBLE);"
main_dbt_test__audit,dbt_utils_source_accepted_rang_cff276ae6c287df74a945008a6836741,False,0,11,0,0,"CREATE TABLE main_dbt_test__audit.dbt_utils_source_accepted_rang_cff276ae6c287df74a945008a6836741(CO_MUNICIPIO_6D INTEGER, NU_ANO SMALLINT, QT_POPULACAO BIGINT, VL_PIB_PERCAPITA DOUBLE, QT_OBITOS_INFANTIS INTEGER, QT_NASCIDOS_VIVOS INTEGER, VL_MORT_INFANTIL DOUBLE, QT_LEITOS_SUS INTEGER, VL_LEITOS_SUS_1000 DOUBLE, QT_MEDICOS INTEGER, VL_MEDICOS_1000 DOUBLE);"
main_dbt_test__audit,dbt_utils_source_accepted_rang_d8dbd07a1add6fa4a10c4e2a59a5265a,False,0,2,0,0,"CREATE TABLE main_dbt_test__audit.dbt_utils_source_accepted_rang_d8dbd07a1add6fa4a10c4e2a59a5265a(NACIONAL SMALLINT, DESCRICAO VARCHAR);"
main_dbt_test__audit,dbt_utils_source_accepted_rang_e29b252a2897cb3cea258a2ea4e8cb7f,False,0,11,0,0,"CREATE TABLE main_dbt_test__audit.dbt_utils_source_accepted_rang_e29b252a2897cb3cea258a2ea4e8cb7f(CO_MUNICIPIO_6D INTEGER, NU_ANO SMALLINT, QT_POPULACAO BIGINT, VL_PIB_PERCAPITA DOUBLE, QT_OBITOS_INFANTIS INTEGER, QT_NASCIDOS_VIVOS INTEGER, VL_MORT_INFANTIL DOUBLE, QT_LEITOS_SUS INTEGER, VL_LEITOS_SUS_1000 DOUBLE, QT_MEDICOS INTEGER, VL_MEDICOS_1000 DOUBLE);"
main_dbt_test__audit,dbt_utils_source_accepted_rang_ed47cb877c740a6929e10d626e4263e4,False,0,11,0,0,"CREATE TABLE main_dbt_test__audit.dbt_utils_source_accepted_rang_ed47cb877c740a6929e10d626e4263e4(CO_MUNICIPIO_6D INTEGER, NU_ANO SMALLINT, QT_POPULACAO BIGINT, VL_PIB_PERCAPITA DOUBLE, QT_OBITOS_INFANTIS INTEGER, QT_NASCIDOS_VIVOS INTEGER, VL_MORT_INFANTIL DOUBLE, QT_LEITOS_SUS INTEGER, VL_LEITOS_SUS_1000 DOUBLE, QT_MEDICOS INTEGER, VL_MEDICOS_1000 DOUBLE);"
main_dbt_test__audit,dbt_utils_source_accepted_rang_f23e37c5d4fdb7ffbad61bd94cc048cc,False,0,46,0,0,"CREATE TABLE main_dbt_test__audit.dbt_utils_source_accepted_rang_f23e37c5d4fdb7ffbad61bd94cc048cc(N_AIH BIGINT, CNES INTEGER, DT_INTER DATE, DT_SAIDA DATE, DIAS_PERM SMALLINT, DIAR_ACOM SMALLINT, CAR_INT TINYINT, ESPEC TINYINT, COMPLEX VARCHAR, MARCA_UTI TINYINT, UTI_INT_TO TINYINT, IND_VDRL BOOLEAN, MORTE BOOLEAN, GESTRISCO BOOLEAN, DIAG_PRINC VARCHAR, DIAG_SECUN VARCHAR, CID_MORTE VARCHAR, CID_NOTIF VARCHAR, DIAGSEC1 VARCHAR, DIAGSEC2 VARCHAR, DIAGSEC3 VARCHAR, DIAGSEC4 VARCHAR, DIAGSEC5 VARCHAR, DIAGSEC6 VARCHAR, DIAGSEC7 VARCHAR, DIAGSEC8 VARCHAR, DIAGSEC9 VARCHAR, VAL_SH DOUBLE, VAL_SP DOUBLE, VAL_UTI DOUBLE, VAL_TOT DOUBLE, NASC DATE, IDADE SMALLINT, SEXO TINYINT, RACA_COR TINYINT, ETNIA SMALLINT, NACIONAL SMALLINT, INSTRU TINYINT, VINCPREV TINYINT, CBOR VARCHAR, MUNIC_RES INTEGER, CEP VARCHAR, NUM_FILHOS TINYINT, CONTRACEP1 TINYINT, CONTRACEP2 TINYINT, INSC_PN VARCHAR);"
main_dbt_test__audit,dbt_utils_source_accepted_range_main_etnia_ETNIA__266__0,False,0,2,0,0,"CREATE TABLE main_dbt_test__audit.dbt_utils_source_accepted_range_main_etnia_ETNIA__266__0(ETNIA SMALLINT, DESCRICAO VARCHAR);"
main_dbt_test__audit,dbt_utils_source_accepted_range_main_internacoes_DIAS_PERM__0,False,0,46,0,0,"CREATE TABLE main_dbt_test__audit.dbt_utils_source_accepted_range_main_internacoes_DIAS_PERM__0(N_AIH BIGINT, CNES INTEGER, DT_INTER DATE, DT_SAIDA DATE, DIAS_PERM SMALLINT, DIAR_ACOM SMALLINT, CAR_INT TINYINT, ESPEC TINYINT, COMPLEX VARCHAR, MARCA_UTI TINYINT, UTI_INT_TO TINYINT, IND_VDRL BOOLEAN, MORTE BOOLEAN, GESTRISCO BOOLEAN, DIAG_PRINC VARCHAR, DIAG_SECUN VARCHAR, CID_MORTE VARCHAR, CID_NOTIF VARCHAR, DIAGSEC1 VARCHAR, DIAGSEC2 VARCHAR, DIAGSEC3 VARCHAR, DIAGSEC4 VARCHAR, DIAGSEC5 VARCHAR, DIAGSEC6 VARCHAR, DIAGSEC7 VARCHAR, DIAGSEC8 VARCHAR, DIAGSEC9 VARCHAR, VAL_SH DOUBLE, VAL_SP DOUBLE, VAL_UTI DOUBLE, VAL_TOT DOUBLE, NASC DATE, IDADE SMALLINT, SEXO TINYINT, RACA_COR TINYINT, ETNIA SMALLINT, NACIONAL SMALLINT, INSTRU TINYINT, VINCPREV TINYINT, CBOR VARCHAR, MUNIC_RES INTEGER, CEP VARCHAR, NUM_FILHOS TINYINT, CONTRACEP1 TINYINT, CONTRACEP2 TINYINT, INSC_PN VARCHAR);"
main_dbt_test__audit,dbt_utils_source_accepted_range_main_internacoes_IDADE__150__0,False,0,46,0,0,"CREATE TABLE main_dbt_test__audit.dbt_utils_source_accepted_range_main_internacoes_IDADE__150__0(N_AIH BIGINT, CNES INTEGER, DT_INTER DATE, DT_SAIDA DATE, DIAS_PERM SMALLINT, DIAR_ACOM SMALLINT, CAR_INT TINYINT, ESPEC TINYINT, COMPLEX VARCHAR, MARCA_UTI TINYINT, UTI_INT_TO TINYINT, IND_VDRL BOOLEAN, MORTE BOOLEAN, GESTRISCO BOOLEAN, DIAG_PRINC VARCHAR, DIAG_SECUN VARCHAR, CID_MORTE VARCHAR, CID_NOTIF VARCHAR, DIAGSEC1 VARCHAR, DIAGSEC2 VARCHAR, DIAGSEC3 VARCHAR, DIAGSEC4 VARCHAR, DIAGSEC5 VARCHAR, DIAGSEC6 VARCHAR, DIAGSEC7 VARCHAR, DIAGSEC8 VARCHAR, DIAGSEC9 VARCHAR, VAL_SH DOUBLE, VAL_SP DOUBLE, VAL_UTI DOUBLE, VAL_TOT DOUBLE, NASC DATE, IDADE SMALLINT, SEXO TINYINT, RACA_COR TINYINT, ETNIA SMALLINT, NACIONAL SMALLINT, INSTRU TINYINT, VINCPREV TINYINT, CBOR VARCHAR, MUNIC_RES INTEGER, CEP VARCHAR, NUM_FILHOS TINYINT, CONTRACEP1 TINYINT, CONTRACEP2 TINYINT, INSC_PN VARCHAR);"
main_dbt_test__audit,dbt_utils_source_accepted_range_main_internacoes_NUM_FILHOS__0,False,0,46,0,0,"CREATE TABLE main_dbt_test__audit.dbt_utils_source_accepted_range_main_internacoes_NUM_FILHOS__0(N_AIH BIGINT, CNES INTEGER, DT_INTER DATE, DT_SAIDA DATE, DIAS_PERM SMALLINT, DIAR_ACOM SMALLINT, CAR_INT TINYINT, ESPEC TINYINT, COMPLEX VARCHAR, MARCA_UTI TINYINT, UTI_INT_TO TINYINT, IND_VDRL BOOLEAN, MORTE BOOLEAN, GESTRISCO BOOLEAN, DIAG_PRINC VARCHAR, DIAG_SECUN VARCHAR, CID_MORTE VARCHAR, CID_NOTIF VARCHAR, DIAGSEC1 VARCHAR, DIAGSEC2 VARCHAR, DIAGSEC3 VARCHAR, DIAGSEC4 VARCHAR, DIAGSEC5 VARCHAR, DIAGSEC6 VARCHAR, DIAGSEC7 VARCHAR, DIAGSEC8 VARCHAR, DIAGSEC9 VARCHAR, VAL_SH DOUBLE, VAL_SP DOUBLE, VAL_UTI DOUBLE, VAL_TOT DOUBLE, NASC DATE, IDADE SMALLINT, SEXO TINYINT, RACA_COR TINYINT, ETNIA SMALLINT, NACIONAL SMALLINT, INSTRU TINYINT, VINCPREV TINYINT, CBOR VARCHAR, MUNIC_RES INTEGER, CEP VARCHAR, NUM_FILHOS TINYINT, CONTRACEP1 TINYINT, CONTRACEP2 TINYINT, INSC_PN VARCHAR);"
main_dbt_test__audit,dbt_utils_source_accepted_range_main_internacoes_VAL_SH__0,False,0,46,0,0,"CREATE TABLE main_dbt_test__audit.dbt_utils_source_accepted_range_main_internacoes_VAL_SH__0(N_AIH BIGINT, CNES INTEGER, DT_INTER DATE, DT_SAIDA DATE, DIAS_PERM SMALLINT, DIAR_ACOM SMALLINT, CAR_INT TINYINT, ESPEC TINYINT, COMPLEX VARCHAR, MARCA_UTI TINYINT, UTI_INT_TO TINYINT, IND_VDRL BOOLEAN, MORTE BOOLEAN, GESTRISCO BOOLEAN, DIAG_PRINC VARCHAR, DIAG_SECUN VARCHAR, CID_MORTE VARCHAR, CID_NOTIF VARCHAR, DIAGSEC1 VARCHAR, DIAGSEC2 VARCHAR, DIAGSEC3 VARCHAR, DIAGSEC4 VARCHAR, DIAGSEC5 VARCHAR, DIAGSEC6 VARCHAR, DIAGSEC7 VARCHAR, DIAGSEC8 VARCHAR, DIAGSEC9 VARCHAR, VAL_SH DOUBLE, VAL_SP DOUBLE, VAL_UTI DOUBLE, VAL_TOT DOUBLE, NASC DATE, IDADE SMALLINT, SEXO TINYINT, RACA_COR TINYINT, ETNIA SMALLINT, NACIONAL SMALLINT, INSTRU TINYINT, VINCPREV TINYINT, CBOR VARCHAR, MUNIC_RES INTEGER, CEP VARCHAR, NUM_FILHOS TINYINT, CONTRACEP1 TINYINT, CONTRACEP2 TINYINT, INSC_PN VARCHAR);"
main_dbt_test__audit,dbt_utils_source_accepted_range_main_internacoes_VAL_SP__0,False,0,46,0,0,"CREATE TABLE main_dbt_test__audit.dbt_utils_source_accepted_range_main_internacoes_VAL_SP__0(N_AIH BIGINT, CNES INTEGER, DT_INTER DATE, DT_SAIDA DATE, DIAS_PERM SMALLINT, DIAR_ACOM SMALLINT, CAR_INT TINYINT, ESPEC TINYINT, COMPLEX VARCHAR, MARCA_UTI TINYINT, UTI_INT_TO TINYINT, IND_VDRL BOOLEAN, MORTE BOOLEAN, GESTRISCO BOOLEAN, DIAG_PRINC VARCHAR, DIAG_SECUN VARCHAR, CID_MORTE VARCHAR, CID_NOTIF VARCHAR, DIAGSEC1 VARCHAR, DIAGSEC2 VARCHAR, DIAGSEC3 VARCHAR, DIAGSEC4 VARCHAR, DIAGSEC5 VARCHAR, DIAGSEC6 VARCHAR, DIAGSEC7 VARCHAR, DIAGSEC8 VARCHAR, DIAGSEC9 VARCHAR, VAL_SH DOUBLE, VAL_SP DOUBLE, VAL_UTI DOUBLE, VAL_TOT DOUBLE, NASC DATE, IDADE SMALLINT, SEXO TINYINT, RACA_COR TINYINT, ETNIA SMALLINT, NACIONAL SMALLINT, INSTRU TINYINT, VINCPREV TINYINT, CBOR VARCHAR, MUNIC_RES INTEGER, CEP VARCHAR, NUM_FILHOS TINYINT, CONTRACEP1 TINYINT, CONTRACEP2 TINYINT, INSC_PN VARCHAR);"
main_dbt_test__audit,dbt_utils_source_accepted_range_main_internacoes_VAL_TOT__0,False,0,46,0,0,"CREATE TABLE main_dbt_test__audit.dbt_utils_source_accepted_range_main_internacoes_VAL_TOT__0(N_AIH BIGINT, CNES INTEGER, DT_INTER DATE, DT_SAIDA DATE, DIAS_PERM SMALLINT, DIAR_ACOM SMALLINT, CAR_INT TINYINT, ESPEC TINYINT, COMPLEX VARCHAR, MARCA_UTI TINYINT, UTI_INT_TO TINYINT, IND_VDRL BOOLEAN, MORTE BOOLEAN, GESTRISCO BOOLEAN, DIAG_PRINC VARCHAR, DIAG_SECUN VARCHAR, CID_MORTE VARCHAR, CID_NOTIF VARCHAR, DIAGSEC1 VARCHAR, DIAGSEC2 VARCHAR, DIAGSEC3 VARCHAR, DIAGSEC4 VARCHAR, DIAGSEC5 VARCHAR, DIAGSEC6 VARCHAR, DIAGSEC7 VARCHAR, DIAGSEC8 VARCHAR, DIAGSEC9 VARCHAR, VAL_SH DOUBLE, VAL_SP DOUBLE, VAL_UTI DOUBLE, VAL_TOT DOUBLE, NASC DATE, IDADE SMALLINT, SEXO TINYINT, RACA_COR TINYINT, ETNIA SMALLINT, NACIONAL SMALLINT, INSTRU TINYINT, VINCPREV TINYINT, CBOR VARCHAR, MUNIC_RES INTEGER, CEP VARCHAR, NUM_FILHOS TINYINT, CONTRACEP1 TINYINT, CONTRACEP2 TINYINT, INSC_PN VARCHAR);"
main_dbt_test__audit,dbt_utils_source_accepted_range_main_internacoes_VAL_UTI__0,False,0,46,0,0,"CREATE TABLE main_dbt_test__audit.dbt_utils_source_accepted_range_main_internacoes_VAL_UTI__0(N_AIH BIGINT, CNES INTEGER, DT_INTER DATE, DT_SAIDA DATE, DIAS_PERM SMALLINT, DIAR_ACOM SMALLINT, CAR_INT TINYINT, ESPEC TINYINT, COMPLEX VARCHAR, MARCA_UTI TINYINT, UTI_INT_TO TINYINT, IND_VDRL BOOLEAN, MORTE BOOLEAN, GESTRISCO BOOLEAN, DIAG_PRINC VARCHAR, DIAG_SECUN VARCHAR, CID_MORTE VARCHAR, CID_NOTIF VARCHAR, DIAGSEC1 VARCHAR, DIAGSEC2 VARCHAR, DIAGSEC3 VARCHAR, DIAGSEC4 VARCHAR, DIAGSEC5 VARCHAR, DIAGSEC6 VARCHAR, DIAGSEC7 VARCHAR, DIAGSEC8 VARCHAR, DIAGSEC9 VARCHAR, VAL_SH DOUBLE, VAL_SP DOUBLE, VAL_UTI DOUBLE, VAL_TOT DOUBLE, NASC DATE, IDADE SMALLINT, SEXO TINYINT, RACA_COR TINYINT, ETNIA SMALLINT, NACIONAL SMALLINT, INSTRU TINYINT, VINCPREV TINYINT, CBOR VARCHAR, MUNIC_RES INTEGER, CEP VARCHAR, NUM_FILHOS TINYINT, CONTRACEP1 TINYINT, CONTRACEP2 TINYINT, INSC_PN VARCHAR);"
main_dbt_test__audit,dbt_utils_source_accepted_range_main_tempo_ano__2023__2007,False,366,5,0,0,"CREATE TABLE main_dbt_test__audit.dbt_utils_source_accepted_range_main_tempo_ano__2023__2007(""data"" DATE, ano SMALLINT, mes TINYINT, trimestre TINYINT, dia_semana TINYINT);"
main_dbt_test__audit,dbt_utils_source_accepted_range_main_tempo_mes__12__1,False,0,5,0,0,"CREATE TABLE main_dbt_test__audit.dbt_utils_source_accepted_range_main_tempo_mes__12__1(""data"" DATE, ano SMALLINT, mes TINYINT, trimestre TINYINT, dia_semana TINYINT);"
main_dbt_test__audit,hospital_cnes_munic_mov,False,0,2,0,0,"CREATE TABLE main_dbt_test__audit.hospital_cnes_munic_mov(CNES INTEGER, qtd_munic BIGINT);"
main_dbt_test__audit,internacoes_contracep1_sexo,False,83955,3,0,0,"CREATE TABLE main_dbt_test__audit.internacoes_contracep1_sexo(N_AIH BIGINT, CONTRACEP1 TINYINT, SEXO TINYINT);"
main_dbt_test__audit,internacoes_diar_acom_dias_perm,False,553,3,0,0,"CREATE TABLE main_dbt_test__audit.internacoes_diar_acom_dias_perm(N_AIH BIGINT, DIAR_ACOM SMALLINT, DIAS_PERM BIGINT);"
main_dbt_test__audit,internacoes_dt_saida_dt_inter,False,0,3,0,0,"CREATE TABLE main_dbt_test__audit.internacoes_dt_saida_dt_inter(N_AIH BIGINT, DT_INTER DATE, DT_SAIDA DATE);"
main_dbt_test__audit,internacoes_etnia_raca_cor,False,0,3,0,0,"CREATE TABLE main_dbt_test__audit.internacoes_etnia_raca_cor(N_AIH BIGINT, ETNIA SMALLINT, RACA_COR TINYINT);"
main_dbt_test__audit,internacoes_gestrisco_sexo,False,75730745,3,0,0,"CREATE TABLE main_dbt_test__audit.internacoes_gestrisco_sexo(N_AIH BIGINT, SEXO TINYINT, GESTRISCO BOOLEAN);"
main_dbt_test__audit,internacoes_idade,False,15981798,5,0,0,"CREATE TABLE main_dbt_test__audit.internacoes_idade(N_AIH BIGINT, NASC DATE, DT_INTER DATE, idade_armazenada SMALLINT, idade_calculada BIGINT);"
main_dbt_test__audit,internacoes_insc_pn_sexo,False,3456,3,0,0,"CREATE TABLE main_dbt_test__audit.internacoes_insc_pn_sexo(N_AIH BIGINT, SEXO TINYINT, INSC_PN VARCHAR);"
main_dbt_test__audit,internacoes_morte_cid_morte,False,0,3,0,0,"CREATE TABLE main_dbt_test__audit.internacoes_morte_cid_morte(N_AIH BIGINT, MORTE BOOLEAN, CID_MORTE VARCHAR);"
main_dbt_test__audit,internacoes_morte_false_cid_morte,False,928,3,0,0,"CREATE TABLE main_dbt_test__audit.internacoes_morte_false_cid_morte(N_AIH BIGINT, MORTE BOOLEAN, CID_MORTE VARCHAR);"
main_dbt_test__audit,internacoes_nasc_dt_inter,False,0,3,0,0,"CREATE TABLE main_dbt_test__audit.internacoes_nasc_dt_inter(N_AIH BIGINT, NASC DATE, DT_INTER DATE);"
main_dbt_test__audit,internacoes_raca_cor_etnia,False,0,3,0,0,"CREATE TABLE main_dbt_test__audit.internacoes_raca_cor_etnia(N_AIH BIGINT, RACA_COR TINYINT, ETNIA SMALLINT);"
main_dbt_test__audit,internacoes_uti_int_to_marca_uti,False,46,3,0,0,"CREATE TABLE main_dbt_test__audit.internacoes_uti_int_to_marca_uti(N_AIH BIGINT, UTI_INT_TO TINYINT, MARCA_UTI TINYINT);"
main_dbt_test__audit,internacoes_val_uti_marca_uti,False,95794,3,0,0,"CREATE TABLE main_dbt_test__audit.internacoes_val_uti_marca_uti(N_AIH BIGINT, VAL_UTI DOUBLE, MARCA_UTI TINYINT);"
main_dbt_test__audit,not_null_stg_sexo_DESCRICAO,False,0,2,0,0,"CREATE TABLE main_dbt_test__audit.not_null_stg_sexo_DESCRICAO(SEXO TINYINT, DESCRICAO VARCHAR);"
main_dbt_test__audit,relationships_stg_hospital_754a726ab74be14d40cb0a09e04b4adf,False,0,1,0,0,CREATE TABLE main_dbt_test__audit.relationships_stg_hospital_754a726ab74be14d40cb0a09e04b4adf(from_field INTEGER);
main_dbt_test__audit,relationships_stg_internacoes_2cbe6b3f20ef954f92638adc0d5722d4,False,182119635,1,0,0,CREATE TABLE main_dbt_test__audit.relationships_stg_internacoes_2cbe6b3f20ef954f92638adc0d5722d4(from_field TINYINT);
main_dbt_test__audit,relationships_stg_internacoes_58e51ce9b68822857f95bfdc62d16ef5,False,182732638,1,0,0,CREATE TABLE main_dbt_test__audit.relationships_stg_internacoes_58e51ce9b68822857f95bfdc62d16ef5(from_field TINYINT);
main_dbt_test__audit,relationships_stg_internacoes_6774ac624f86bcbf606e9d38e92e3a71,False,0,1,0,0,CREATE TABLE main_dbt_test__audit.relationships_stg_internacoes_6774ac624f86bcbf606e9d38e92e3a71(from_field INTEGER);
main_dbt_test__audit,relationships_stg_internacoes_9797541b51e3e77fbfaf1558436792d8,False,48760813,1,0,0,CREATE TABLE main_dbt_test__audit.relationships_stg_internacoes_9797541b51e3e77fbfaf1558436792d8(from_field TINYINT);
main_dbt_test__audit,relationships_stg_internacoes_CID_MORTE__CID__source_main_cid_,False,0,1,0,0,CREATE TABLE main_dbt_test__audit.relationships_stg_internacoes_CID_MORTE__CID__source_main_cid_(from_field VARCHAR);
main_dbt_test__audit,relationships_stg_internacoes_CID_NOTIF__CID__source_main_cid_,False,0,1,0,0,CREATE TABLE main_dbt_test__audit.relationships_stg_internacoes_CID_NOTIF__CID__source_main_cid_(from_field VARCHAR);
main_dbt_test__audit,relationships_stg_internacoes_DIAGSEC1__CID__source_main_cid_,False,0,1,0,0,CREATE TABLE main_dbt_test__audit.relationships_stg_internacoes_DIAGSEC1__CID__source_main_cid_(from_field VARCHAR);
main_dbt_test__audit,relationships_stg_internacoes_DIAGSEC2__CID__source_main_cid_,False,0,1,0,0,CREATE TABLE main_dbt_test__audit.relationships_stg_internacoes_DIAGSEC2__CID__source_main_cid_(from_field VARCHAR);
main_dbt_test__audit,relationships_stg_internacoes_DIAGSEC3__CID__source_main_cid_,False,0,1,0,0,CREATE TABLE main_dbt_test__audit.relationships_stg_internacoes_DIAGSEC3__CID__source_main_cid_(from_field VARCHAR);
main_dbt_test__audit,relationships_stg_internacoes_DIAGSEC4__CID__source_main_cid_,False,0,1,0,0,CREATE TABLE main_dbt_test__audit.relationships_stg_internacoes_DIAGSEC4__CID__source_main_cid_(from_field VARCHAR);
main_dbt_test__audit,relationships_stg_internacoes_DIAGSEC5__CID__source_main_cid_,False,0,1,0,0,CREATE TABLE main_dbt_test__audit.relationships_stg_internacoes_DIAGSEC5__CID__source_main_cid_(from_field VARCHAR);
main_dbt_test__audit,relationships_stg_internacoes_DIAGSEC6__CID__source_main_cid_,False,0,1,0,0,CREATE TABLE main_dbt_test__audit.relationships_stg_internacoes_DIAGSEC6__CID__source_main_cid_(from_field VARCHAR);
main_dbt_test__audit,relationships_stg_internacoes_DIAGSEC7__CID__source_main_cid_,False,0,1,0,0,CREATE TABLE main_dbt_test__audit.relationships_stg_internacoes_DIAGSEC7__CID__source_main_cid_(from_field VARCHAR);
main_dbt_test__audit,relationships_stg_internacoes_DIAGSEC8__CID__source_main_cid_,False,0,1,0,0,CREATE TABLE main_dbt_test__audit.relationships_stg_internacoes_DIAGSEC8__CID__source_main_cid_(from_field VARCHAR);
main_dbt_test__audit,relationships_stg_internacoes_DIAGSEC9__CID__source_main_cid_,False,0,1,0,0,CREATE TABLE main_dbt_test__audit.relationships_stg_internacoes_DIAGSEC9__CID__source_main_cid_(from_field VARCHAR);
main_dbt_test__audit,relationships_stg_internacoes_DIAG_SECUN__CID__source_main_cid_,False,0,1,0,0,CREATE TABLE main_dbt_test__audit.relationships_stg_internacoes_DIAG_SECUN__CID__source_main_cid_(from_field VARCHAR);
main_dbt_test__audit,source_accepted_values_main_cid_TP_NIVEL__CAT__SUBCAT,False,0,2,0,0,"CREATE TABLE main_dbt_test__audit.source_accepted_values_main_cid_TP_NIVEL__CAT__SUBCAT(value_field VARCHAR, n_records BIGINT);"
main_dbt_test__audit,source_accepted_values_main_co_471c48ba2d676862c685ad110899f3c1,False,0,2,0,0,"CREATE TABLE main_dbt_test__audit.source_accepted_values_main_co_471c48ba2d676862c685ad110899f3c1(value_field VARCHAR, n_records BIGINT);"
main_dbt_test__audit,source_accepted_values_main_co_fbdc93df62d4eb8921deb81c2d6e5b06,False,0,2,0,0,"CREATE TABLE main_dbt_test__audit.source_accepted_values_main_co_fbdc93df62d4eb8921deb81c2d6e5b06(value_field TINYINT, n_records BIGINT);"
main_dbt_test__audit,source_accepted_values_main_es_2a731c4d3897a6ae0db3b82980ccf379,False,33,2,0,0,"CREATE TABLE main_dbt_test__audit.source_accepted_values_main_es_2a731c4d3897a6ae0db3b82980ccf379(value_field TINYINT, n_records BIGINT);"
main_dbt_test__audit,source_accepted_values_main_in_11ad171b3535dd2529c0b671c4ad8f11,False,3,2,0,0,"CREATE TABLE main_dbt_test__audit.source_accepted_values_main_in_11ad171b3535dd2529c0b671c4ad8f11(value_field TINYINT, n_records BIGINT);"
main_dbt_test__audit,source_accepted_values_main_in_2d6a096fa84aa31a444ae08b50fe4c63,False,1,2,0,0,"CREATE TABLE main_dbt_test__audit.source_accepted_values_main_in_2d6a096fa84aa31a444ae08b50fe4c63(value_field TINYINT, n_records BIGINT);"
main_dbt_test__audit,source_accepted_values_main_in_5b793e5d1d4e992d6117bd4a8e7664d8,False,1,2,0,0,"CREATE TABLE main_dbt_test__audit.source_accepted_values_main_in_5b793e5d1d4e992d6117bd4a8e7664d8(value_field TINYINT, n_records BIGINT);"
main_dbt_test__audit,source_accepted_values_main_in_ae8b94f76e4dddc1da5f96fdd84ed66e,False,1,2,0,0,"CREATE TABLE main_dbt_test__audit.source_accepted_values_main_in_ae8b94f76e4dddc1da5f96fdd84ed66e(value_field TINYINT, n_records BIGINT);"
main_dbt_test__audit,source_accepted_values_main_in_b5ffd551c812c717078223b9416c4bfa,False,0,2,0,0,"CREATE TABLE main_dbt_test__audit.source_accepted_values_main_in_b5ffd551c812c717078223b9416c4bfa(value_field TINYINT, n_records BIGINT);"
main_dbt_test__audit,source_accepted_values_main_instrucao_INSTRU__0__1__2__3__4__9,False,0,2,0,0,"CREATE TABLE main_dbt_test__audit.source_accepted_values_main_instrucao_INSTRU__0__1__2__3__4__9(value_field TINYINT, n_records BIGINT);"
main_dbt_test__audit,source_accepted_values_main_internacoes_GESTRISCO__0__1,False,0,2,0,0,"CREATE TABLE main_dbt_test__audit.source_accepted_values_main_internacoes_GESTRISCO__0__1(value_field BOOLEAN, n_records BIGINT);"
main_dbt_test__audit,source_accepted_values_main_internacoes_IND_VDRL__0__1,False,0,2,0,0,"CREATE TABLE main_dbt_test__audit.source_accepted_values_main_internacoes_IND_VDRL__0__1(value_field BOOLEAN, n_records BIGINT);"
main_dbt_test__audit,source_accepted_values_main_internacoes_MORTE__0__1,False,0,2,0,0,"CREATE TABLE main_dbt_test__audit.source_accepted_values_main_internacoes_MORTE__0__1(value_field BOOLEAN, n_records BIGINT);"
main_dbt_test__audit,source_accepted_values_main_internacoes_SEXO__1__2__3,False,0,2,0,0,"CREATE TABLE main_dbt_test__audit.source_accepted_values_main_internacoes_SEXO__1__2__3(value_field TINYINT, n_records BIGINT);"
main_dbt_test__audit,source_accepted_values_main_ma_db39f4c3a7cbbe665734e2399082bae1,False,0,2,0,0,"CREATE TABLE main_dbt_test__audit.source_accepted_values_main_ma_db39f4c3a7cbbe665734e2399082bae1(value_field TINYINT, n_records BIGINT);"
main_dbt_test__audit,source_accepted_values_main_mu_15630bdc87815a1cf3f85982670d4cf3,False,11,2,0,0,"CREATE TABLE main_dbt_test__audit.source_accepted_values_main_mu_15630bdc87815a1cf3f85982670d4cf3(value_field VARCHAR, n_records BIGINT);"
main_dbt_test__audit,source_accepted_values_main_ra_3d04e48020300849b5b76e5242503dbc,False,0,2,0,0,"CREATE TABLE main_dbt_test__audit.source_accepted_values_main_ra_3d04e48020300849b5b76e5242503dbc(value_field TINYINT, n_records BIGINT);"
main_dbt_test__audit,source_accepted_values_main_sexo_SEXO__0__1__3,False,1,2,0,0,"CREATE TABLE main_dbt_test__audit.source_accepted_values_main_sexo_SEXO__0__1__3(value_field TINYINT, n_records BIGINT);"
main_dbt_test__audit,source_accepted_values_main_te_448012159218cefc26a5e0c42e98bf7b,False,1,2,0,0,"CREATE TABLE main_dbt_test__audit.source_accepted_values_main_te_448012159218cefc26a5e0c42e98bf7b(value_field TINYINT, n_records BIGINT);"
main_dbt_test__audit,source_accepted_values_main_tempo_trimestre__1__2__3__4,False,0,2,0,0,"CREATE TABLE main_dbt_test__audit.source_accepted_values_main_tempo_trimestre__1__2__3__4(value_field TINYINT, n_records BIGINT);"
main_dbt_test__audit,source_accepted_values_main_vi_6f0b5d23ef30eb47c15e59b2cbaa6854,False,0,2,0,0,"CREATE TABLE main_dbt_test__audit.source_accepted_values_main_vi_6f0b5d23ef30eb47c15e59b2cbaa6854(value_field TINYINT, n_records BIGINT);"
main_dbt_test__audit,source_not_null_main_car_int_CAR_INT,False,0,2,0,0,"CREATE TABLE main_dbt_test__audit.source_not_null_main_car_int_CAR_INT(CAR_INT TINYINT, DESCRICAO VARCHAR);"
main_dbt_test__audit,source_not_null_main_car_int_DESCRICAO,False,0,2,0,0,"CREATE TABLE main_dbt_test__audit.source_not_null_main_car_int_DESCRICAO(CAR_INT TINYINT, DESCRICAO VARCHAR);"
main_dbt_test__audit,source_not_null_main_cbor_CBOR,False,0,2,0,0,"CREATE TABLE main_dbt_test__audit.source_not_null_main_cbor_CBOR(CBOR VARCHAR, DESCRICAO VARCHAR);"
main_dbt_test__audit,source_not_null_main_cbor_DESCRICAO,False,0,2,0,0,"CREATE TABLE main_dbt_test__audit.source_not_null_main_cbor_DESCRICAO(CBOR VARCHAR, DESCRICAO VARCHAR);"
main_dbt_test__audit,source_not_null_main_cid_CID,False,0,7,0,0,"CREATE TABLE main_dbt_test__audit.source_not_null_main_cid_CID(CID VARCHAR, DESCRICAO VARCHAR, TP_NIVEL VARCHAR, RESTRSEXO VARCHAR, DS_CATEGORIA VARCHAR, DS_GRUPO VARCHAR, DS_CAPITULO VARCHAR);"
main_dbt_test__audit,source_not_null_main_cid_DESCRICAO,False,0,7,0,0,"CREATE TABLE main_dbt_test__audit.source_not_null_main_cid_DESCRICAO(CID VARCHAR, DESCRICAO VARCHAR, TP_NIVEL VARCHAR, RESTRSEXO VARCHAR, DS_CATEGORIA VARCHAR, DS_GRUPO VARCHAR, DS_CAPITULO VARCHAR);"
main_dbt_test__audit,source_not_null_main_cid_TP_NIVEL,False,0,7,0,0,"CREATE TABLE main_dbt_test__audit.source_not_null_main_cid_TP_NIVEL(CID VARCHAR, DESCRICAO VARCHAR, TP_NIVEL VARCHAR, RESTRSEXO VARCHAR, DS_CATEGORIA VARCHAR, DS_GRUPO VARCHAR, DS_CAPITULO VARCHAR);"
main_dbt_test__audit,source_not_null_main_complexidade_COMPLEX,False,0,2,0,0,"CREATE TABLE main_dbt_test__audit.source_not_null_main_complexidade_COMPLEX(COMPLEX VARCHAR, DESCRICAO VARCHAR);"
main_dbt_test__audit,source_not_null_main_complexidade_DESCRICAO,False,0,2,0,0,"CREATE TABLE main_dbt_test__audit.source_not_null_main_complexidade_DESCRICAO(COMPLEX VARCHAR, DESCRICAO VARCHAR);"
main_dbt_test__audit,source_not_null_main_contraceptivos_CONTRACEPTIVO,False,0,2,0,0,"CREATE TABLE main_dbt_test__audit.source_not_null_main_contraceptivos_CONTRACEPTIVO(CONTRACEPTIVO TINYINT, DESCRICAO VARCHAR);"
main_dbt_test__audit,source_not_null_main_contraceptivos_DESCRICAO,False,0,2,0,0,"CREATE TABLE main_dbt_test__audit.source_not_null_main_contraceptivos_DESCRICAO(CONTRACEPTIVO TINYINT, DESCRICAO VARCHAR);"
main_dbt_test__audit,source_not_null_main_especialidade_DESCRICAO,False,0,2,0,0,"CREATE TABLE main_dbt_test__audit.source_not_null_main_especialidade_DESCRICAO(ESPEC TINYINT, DESCRICAO VARCHAR);"
main_dbt_test__audit,source_not_null_main_especialidade_ESPEC,False,0,2,0,0,"CREATE TABLE main_dbt_test__audit.source_not_null_main_especialidade_ESPEC(ESPEC TINYINT, DESCRICAO VARCHAR);"
main_dbt_test__audit,source_not_null_main_etnia_DESCRICAO,False,0,2,0,0,"CREATE TABLE main_dbt_test__audit.source_not_null_main_etnia_DESCRICAO(ETNIA SMALLINT, DESCRICAO VARCHAR);"
main_dbt_test__audit,source_not_null_main_etnia_ETNIA,False,0,2,0,0,"CREATE TABLE main_dbt_test__audit.source_not_null_main_etnia_ETNIA(ETNIA SMALLINT, DESCRICAO VARCHAR);"
main_dbt_test__audit,source_not_null_main_hospital_CNES,False,0,6,0,0,"CREATE TABLE main_dbt_test__audit.source_not_null_main_hospital_CNES(CNES INTEGER, NO_HOSPITAL VARCHAR, MUNIC_MOV INTEGER, NATUREZA VARCHAR, GESTAO VARCHAR, NAT_JUR VARCHAR);"
main_dbt_test__audit,source_not_null_main_hospital_MUNIC_MOV,False,0,6,0,0,"CREATE TABLE main_dbt_test__audit.source_not_null_main_hospital_MUNIC_MOV(CNES INTEGER, NO_HOSPITAL VARCHAR, MUNIC_MOV INTEGER, NATUREZA VARCHAR, GESTAO VARCHAR, NAT_JUR VARCHAR);"
main_dbt_test__audit,source_not_null_main_instrucao_DESCRICAO,False,0,2,0,0,"CREATE TABLE main_dbt_test__audit.source_not_null_main_instrucao_DESCRICAO(INSTRU TINYINT, DESCRICAO VARCHAR);"
main_dbt_test__audit,source_not_null_main_instrucao_INSTRU,False,0,2,0,0,"CREATE TABLE main_dbt_test__audit.source_not_null_main_instrucao_INSTRU(INSTRU TINYINT, DESCRICAO VARCHAR);"
main_dbt_test__audit,source_not_null_main_internacao_procedimento_N_AIH,False,0,3,0,0,"CREATE TABLE main_dbt_test__audit.source_not_null_main_internacao_procedimento_N_AIH(id_atendimento UBIGINT, N_AIH BIGINT, PROC_REA BIGINT);"
main_dbt_test__audit,source_not_null_main_internacao_procedimento_PROC_REA,False,0,3,0,0,"CREATE TABLE main_dbt_test__audit.source_not_null_main_internacao_procedimento_PROC_REA(id_atendimento UBIGINT, N_AIH BIGINT, PROC_REA BIGINT);"
main_dbt_test__audit,source_not_null_main_internacao_procedimento_id_atendimento,False,0,3,0,0,"CREATE TABLE main_dbt_test__audit.source_not_null_main_internacao_procedimento_id_atendimento(id_atendimento UBIGINT, N_AIH BIGINT, PROC_REA BIGINT);"
main_dbt_test__audit,source_not_null_main_internacoes_CAR_INT,False,0,46,0,0,"CREATE TABLE main_dbt_test__audit.source_not_null_main_internacoes_CAR_INT(N_AIH BIGINT, CNES INTEGER, DT_INTER DATE, DT_SAIDA DATE, DIAS_PERM SMALLINT, DIAR_ACOM SMALLINT, CAR_INT TINYINT, ESPEC TINYINT, COMPLEX VARCHAR, MARCA_UTI TINYINT, UTI_INT_TO TINYINT, IND_VDRL BOOLEAN, MORTE BOOLEAN, GESTRISCO BOOLEAN, DIAG_PRINC VARCHAR, DIAG_SECUN VARCHAR, CID_MORTE VARCHAR, CID_NOTIF VARCHAR, DIAGSEC1 VARCHAR, DIAGSEC2 VARCHAR, DIAGSEC3 VARCHAR, DIAGSEC4 VARCHAR, DIAGSEC5 VARCHAR, DIAGSEC6 VARCHAR, DIAGSEC7 VARCHAR, DIAGSEC8 VARCHAR, DIAGSEC9 VARCHAR, VAL_SH DOUBLE, VAL_SP DOUBLE, VAL_UTI DOUBLE, VAL_TOT DOUBLE, NASC DATE, IDADE SMALLINT, SEXO TINYINT, RACA_COR TINYINT, ETNIA SMALLINT, NACIONAL SMALLINT, INSTRU TINYINT, VINCPREV TINYINT, CBOR VARCHAR, MUNIC_RES INTEGER, CEP VARCHAR, NUM_FILHOS TINYINT, CONTRACEP1 TINYINT, CONTRACEP2 TINYINT, INSC_PN VARCHAR);"
main_dbt_test__audit,source_not_null_main_internacoes_CNES,False,0,46,0,0,"CREATE TABLE main_dbt_test__audit.source_not_null_main_internacoes_CNES(N_AIH BIGINT, CNES INTEGER, DT_INTER DATE, DT_SAIDA DATE, DIAS_PERM SMALLINT, DIAR_ACOM SMALLINT, CAR_INT TINYINT, ESPEC TINYINT, COMPLEX VARCHAR, MARCA_UTI TINYINT, UTI_INT_TO TINYINT, IND_VDRL BOOLEAN, MORTE BOOLEAN, GESTRISCO BOOLEAN, DIAG_PRINC VARCHAR, DIAG_SECUN VARCHAR, CID_MORTE VARCHAR, CID_NOTIF VARCHAR, DIAGSEC1 VARCHAR, DIAGSEC2 VARCHAR, DIAGSEC3 VARCHAR, DIAGSEC4 VARCHAR, DIAGSEC5 VARCHAR, DIAGSEC6 VARCHAR, DIAGSEC7 VARCHAR, DIAGSEC8 VARCHAR, DIAGSEC9 VARCHAR, VAL_SH DOUBLE, VAL_SP DOUBLE, VAL_UTI DOUBLE, VAL_TOT DOUBLE, NASC DATE, IDADE SMALLINT, SEXO TINYINT, RACA_COR TINYINT, ETNIA SMALLINT, NACIONAL SMALLINT, INSTRU TINYINT, VINCPREV TINYINT, CBOR VARCHAR, MUNIC_RES INTEGER, CEP VARCHAR, NUM_FILHOS TINYINT, CONTRACEP1 TINYINT, CONTRACEP2 TINYINT, INSC_PN VARCHAR);"
main_dbt_test__audit,source_not_null_main_internacoes_COMPLEX,False,0,46,0,0,"CREATE TABLE main_dbt_test__audit.source_not_null_main_internacoes_COMPLEX(N_AIH BIGINT, CNES INTEGER, DT_INTER DATE, DT_SAIDA DATE, DIAS_PERM SMALLINT, DIAR_ACOM SMALLINT, CAR_INT TINYINT, ESPEC TINYINT, COMPLEX VARCHAR, MARCA_UTI TINYINT, UTI_INT_TO TINYINT, IND_VDRL BOOLEAN, MORTE BOOLEAN, GESTRISCO BOOLEAN, DIAG_PRINC VARCHAR, DIAG_SECUN VARCHAR, CID_MORTE VARCHAR, CID_NOTIF VARCHAR, DIAGSEC1 VARCHAR, DIAGSEC2 VARCHAR, DIAGSEC3 VARCHAR, DIAGSEC4 VARCHAR, DIAGSEC5 VARCHAR, DIAGSEC6 VARCHAR, DIAGSEC7 VARCHAR, DIAGSEC8 VARCHAR, DIAGSEC9 VARCHAR, VAL_SH DOUBLE, VAL_SP DOUBLE, VAL_UTI DOUBLE, VAL_TOT DOUBLE, NASC DATE, IDADE SMALLINT, SEXO TINYINT, RACA_COR TINYINT, ETNIA SMALLINT, NACIONAL SMALLINT, INSTRU TINYINT, VINCPREV TINYINT, CBOR VARCHAR, MUNIC_RES INTEGER, CEP VARCHAR, NUM_FILHOS TINYINT, CONTRACEP1 TINYINT, CONTRACEP2 TINYINT, INSC_PN VARCHAR);"
main_dbt_test__audit,source_not_null_main_internacoes_CONTRACEP1,False,0,46,0,0,"CREATE TABLE main_dbt_test__audit.source_not_null_main_internacoes_CONTRACEP1(N_AIH BIGINT, CNES INTEGER, DT_INTER DATE, DT_SAIDA DATE, DIAS_PERM SMALLINT, DIAR_ACOM SMALLINT, CAR_INT TINYINT, ESPEC TINYINT, COMPLEX VARCHAR, MARCA_UTI TINYINT, UTI_INT_TO TINYINT, IND_VDRL BOOLEAN, MORTE BOOLEAN, GESTRISCO BOOLEAN, DIAG_PRINC VARCHAR, DIAG_SECUN VARCHAR, CID_MORTE VARCHAR, CID_NOTIF VARCHAR, DIAGSEC1 VARCHAR, DIAGSEC2 VARCHAR, DIAGSEC3 VARCHAR, DIAGSEC4 VARCHAR, DIAGSEC5 VARCHAR, DIAGSEC6 VARCHAR, DIAGSEC7 VARCHAR, DIAGSEC8 VARCHAR, DIAGSEC9 VARCHAR, VAL_SH DOUBLE, VAL_SP DOUBLE, VAL_UTI DOUBLE, VAL_TOT DOUBLE, NASC DATE, IDADE SMALLINT, SEXO TINYINT, RACA_COR TINYINT, ETNIA SMALLINT, NACIONAL SMALLINT, INSTRU TINYINT, VINCPREV TINYINT, CBOR VARCHAR, MUNIC_RES INTEGER, CEP VARCHAR, NUM_FILHOS TINYINT, CONTRACEP1 TINYINT, CONTRACEP2 TINYINT, INSC_PN VARCHAR);"
main_dbt_test__audit,source_not_null_main_internacoes_CONTRACEP2,False,0,46,0,0,"CREATE TABLE main_dbt_test__audit.source_not_null_main_internacoes_CONTRACEP2(N_AIH BIGINT, CNES INTEGER, DT_INTER DATE, DT_SAIDA DATE, DIAS_PERM SMALLINT, DIAR_ACOM SMALLINT, CAR_INT TINYINT, ESPEC TINYINT, COMPLEX VARCHAR, MARCA_UTI TINYINT, UTI_INT_TO TINYINT, IND_VDRL BOOLEAN, MORTE BOOLEAN, GESTRISCO BOOLEAN, DIAG_PRINC VARCHAR, DIAG_SECUN VARCHAR, CID_MORTE VARCHAR, CID_NOTIF VARCHAR, DIAGSEC1 VARCHAR, DIAGSEC2 VARCHAR, DIAGSEC3 VARCHAR, DIAGSEC4 VARCHAR, DIAGSEC5 VARCHAR, DIAGSEC6 VARCHAR, DIAGSEC7 VARCHAR, DIAGSEC8 VARCHAR, DIAGSEC9 VARCHAR, VAL_SH DOUBLE, VAL_SP DOUBLE, VAL_UTI DOUBLE, VAL_TOT DOUBLE, NASC DATE, IDADE SMALLINT, SEXO TINYINT, RACA_COR TINYINT, ETNIA SMALLINT, NACIONAL SMALLINT, INSTRU TINYINT, VINCPREV TINYINT, CBOR VARCHAR, MUNIC_RES INTEGER, CEP VARCHAR, NUM_FILHOS TINYINT, CONTRACEP1 TINYINT, CONTRACEP2 TINYINT, INSC_PN VARCHAR);"
main_dbt_test__audit,source_not_null_main_internacoes_DIAG_PRINC,False,0,46,0,0,"CREATE TABLE main_dbt_test__audit.source_not_null_main_internacoes_DIAG_PRINC(N_AIH BIGINT, CNES INTEGER, DT_INTER DATE, DT_SAIDA DATE, DIAS_PERM SMALLINT, DIAR_ACOM SMALLINT, CAR_INT TINYINT, ESPEC TINYINT, COMPLEX VARCHAR, MARCA_UTI TINYINT, UTI_INT_TO TINYINT, IND_VDRL BOOLEAN, MORTE BOOLEAN, GESTRISCO BOOLEAN, DIAG_PRINC VARCHAR, DIAG_SECUN VARCHAR, CID_MORTE VARCHAR, CID_NOTIF VARCHAR, DIAGSEC1 VARCHAR, DIAGSEC2 VARCHAR, DIAGSEC3 VARCHAR, DIAGSEC4 VARCHAR, DIAGSEC5 VARCHAR, DIAGSEC6 VARCHAR, DIAGSEC7 VARCHAR, DIAGSEC8 VARCHAR, DIAGSEC9 VARCHAR, VAL_SH DOUBLE, VAL_SP DOUBLE, VAL_UTI DOUBLE, VAL_TOT DOUBLE, NASC DATE, IDADE SMALLINT, SEXO TINYINT, RACA_COR TINYINT, ETNIA SMALLINT, NACIONAL SMALLINT, INSTRU TINYINT, VINCPREV TINYINT, CBOR VARCHAR, MUNIC_RES INTEGER, CEP VARCHAR, NUM_FILHOS TINYINT, CONTRACEP1 TINYINT, CONTRACEP2 TINYINT, INSC_PN VARCHAR);"
main_dbt_test__audit,source_not_null_main_internacoes_DIAR_ACOM,False,0,46,0,0,"CREATE TABLE main_dbt_test__audit.source_not_null_main_internacoes_DIAR_ACOM(N_AIH BIGINT, CNES INTEGER, DT_INTER DATE, DT_SAIDA DATE, DIAS_PERM SMALLINT, DIAR_ACOM SMALLINT, CAR_INT TINYINT, ESPEC TINYINT, COMPLEX VARCHAR, MARCA_UTI TINYINT, UTI_INT_TO TINYINT, IND_VDRL BOOLEAN, MORTE BOOLEAN, GESTRISCO BOOLEAN, DIAG_PRINC VARCHAR, DIAG_SECUN VARCHAR, CID_MORTE VARCHAR, CID_NOTIF VARCHAR, DIAGSEC1 VARCHAR, DIAGSEC2 VARCHAR, DIAGSEC3 VARCHAR, DIAGSEC4 VARCHAR, DIAGSEC5 VARCHAR, DIAGSEC6 VARCHAR, DIAGSEC7 VARCHAR, DIAGSEC8 VARCHAR, DIAGSEC9 VARCHAR, VAL_SH DOUBLE, VAL_SP DOUBLE, VAL_UTI DOUBLE, VAL_TOT DOUBLE, NASC DATE, IDADE SMALLINT, SEXO TINYINT, RACA_COR TINYINT, ETNIA SMALLINT, NACIONAL SMALLINT, INSTRU TINYINT, VINCPREV TINYINT, CBOR VARCHAR, MUNIC_RES INTEGER, CEP VARCHAR, NUM_FILHOS TINYINT, CONTRACEP1 TINYINT, CONTRACEP2 TINYINT, INSC_PN VARCHAR);"
main_dbt_test__audit,source_not_null_main_internacoes_DIAS_PERM,False,0,46,0,0,"CREATE TABLE main_dbt_test__audit.source_not_null_main_internacoes_DIAS_PERM(N_AIH BIGINT, CNES INTEGER, DT_INTER DATE, DT_SAIDA DATE, DIAS_PERM SMALLINT, DIAR_ACOM SMALLINT, CAR_INT TINYINT, ESPEC TINYINT, COMPLEX VARCHAR, MARCA_UTI TINYINT, UTI_INT_TO TINYINT, IND_VDRL BOOLEAN, MORTE BOOLEAN, GESTRISCO BOOLEAN, DIAG_PRINC VARCHAR, DIAG_SECUN VARCHAR, CID_MORTE VARCHAR, CID_NOTIF VARCHAR, DIAGSEC1 VARCHAR, DIAGSEC2 VARCHAR, DIAGSEC3 VARCHAR, DIAGSEC4 VARCHAR, DIAGSEC5 VARCHAR, DIAGSEC6 VARCHAR, DIAGSEC7 VARCHAR, DIAGSEC8 VARCHAR, DIAGSEC9 VARCHAR, VAL_SH DOUBLE, VAL_SP DOUBLE, VAL_UTI DOUBLE, VAL_TOT DOUBLE, NASC DATE, IDADE SMALLINT, SEXO TINYINT, RACA_COR TINYINT, ETNIA SMALLINT, NACIONAL SMALLINT, INSTRU TINYINT, VINCPREV TINYINT, CBOR VARCHAR, MUNIC_RES INTEGER, CEP VARCHAR, NUM_FILHOS TINYINT, CONTRACEP1 TINYINT, CONTRACEP2 TINYINT, INSC_PN VARCHAR);"
main_dbt_test__audit,source_not_null_main_internacoes_DT_INTER,False,0,46,0,0,"CREATE TABLE main_dbt_test__audit.source_not_null_main_internacoes_DT_INTER(N_AIH BIGINT, CNES INTEGER, DT_INTER DATE, DT_SAIDA DATE, DIAS_PERM SMALLINT, DIAR_ACOM SMALLINT, CAR_INT TINYINT, ESPEC TINYINT, COMPLEX VARCHAR, MARCA_UTI TINYINT, UTI_INT_TO TINYINT, IND_VDRL BOOLEAN, MORTE BOOLEAN, GESTRISCO BOOLEAN, DIAG_PRINC VARCHAR, DIAG_SECUN VARCHAR, CID_MORTE VARCHAR, CID_NOTIF VARCHAR, DIAGSEC1 VARCHAR, DIAGSEC2 VARCHAR, DIAGSEC3 VARCHAR, DIAGSEC4 VARCHAR, DIAGSEC5 VARCHAR, DIAGSEC6 VARCHAR, DIAGSEC7 VARCHAR, DIAGSEC8 VARCHAR, DIAGSEC9 VARCHAR, VAL_SH DOUBLE, VAL_SP DOUBLE, VAL_UTI DOUBLE, VAL_TOT DOUBLE, NASC DATE, IDADE SMALLINT, SEXO TINYINT, RACA_COR TINYINT, ETNIA SMALLINT, NACIONAL SMALLINT, INSTRU TINYINT, VINCPREV TINYINT, CBOR VARCHAR, MUNIC_RES INTEGER, CEP VARCHAR, NUM_FILHOS TINYINT, CONTRACEP1 TINYINT, CONTRACEP2 TINYINT, INSC_PN VARCHAR);"
main_dbt_test__audit,source_not_null_main_internacoes_DT_SAIDA,False,0,46,0,0,"CREATE TABLE main_dbt_test__audit.source_not_null_main_internacoes_DT_SAIDA(N_AIH BIGINT, CNES INTEGER, DT_INTER DATE, DT_SAIDA DATE, DIAS_PERM SMALLINT, DIAR_ACOM SMALLINT, CAR_INT TINYINT, ESPEC TINYINT, COMPLEX VARCHAR, MARCA_UTI TINYINT, UTI_INT_TO TINYINT, IND_VDRL BOOLEAN, MORTE BOOLEAN, GESTRISCO BOOLEAN, DIAG_PRINC VARCHAR, DIAG_SECUN VARCHAR, CID_MORTE VARCHAR, CID_NOTIF VARCHAR, DIAGSEC1 VARCHAR, DIAGSEC2 VARCHAR, DIAGSEC3 VARCHAR, DIAGSEC4 VARCHAR, DIAGSEC5 VARCHAR, DIAGSEC6 VARCHAR, DIAGSEC7 VARCHAR, DIAGSEC8 VARCHAR, DIAGSEC9 VARCHAR, VAL_SH DOUBLE, VAL_SP DOUBLE, VAL_UTI DOUBLE, VAL_TOT DOUBLE, NASC DATE, IDADE SMALLINT, SEXO TINYINT, RACA_COR TINYINT, ETNIA SMALLINT, NACIONAL SMALLINT, INSTRU TINYINT, VINCPREV TINYINT, CBOR VARCHAR, MUNIC_RES INTEGER, CEP VARCHAR, NUM_FILHOS TINYINT, CONTRACEP1 TINYINT, CONTRACEP2 TINYINT, INSC_PN VARCHAR);"
main_dbt_test__audit,source_not_null_main_internacoes_ESPEC,False,0,46,0,0,"CREATE TABLE main_dbt_test__audit.source_not_null_main_internacoes_ESPEC(N_AIH BIGINT, CNES INTEGER, DT_INTER DATE, DT_SAIDA DATE, DIAS_PERM SMALLINT, DIAR_ACOM SMALLINT, CAR_INT TINYINT, ESPEC TINYINT, COMPLEX VARCHAR, MARCA_UTI TINYINT, UTI_INT_TO TINYINT, IND_VDRL BOOLEAN, MORTE BOOLEAN, GESTRISCO BOOLEAN, DIAG_PRINC VARCHAR, DIAG_SECUN VARCHAR, CID_MORTE VARCHAR, CID_NOTIF VARCHAR, DIAGSEC1 VARCHAR, DIAGSEC2 VARCHAR, DIAGSEC3 VARCHAR, DIAGSEC4 VARCHAR, DIAGSEC5 VARCHAR, DIAGSEC6 VARCHAR, DIAGSEC7 VARCHAR, DIAGSEC8 VARCHAR, DIAGSEC9 VARCHAR, VAL_SH DOUBLE, VAL_SP DOUBLE, VAL_UTI DOUBLE, VAL_TOT DOUBLE, NASC DATE, IDADE SMALLINT, SEXO TINYINT, RACA_COR TINYINT, ETNIA SMALLINT, NACIONAL SMALLINT, INSTRU TINYINT, VINCPREV TINYINT, CBOR VARCHAR, MUNIC_RES INTEGER, CEP VARCHAR, NUM_FILHOS TINYINT, CONTRACEP1 TINYINT, CONTRACEP2 TINYINT, INSC_PN VARCHAR);"
main_dbt_test__audit,source_not_null_main_internacoes_GESTRISCO,False,0,46,0,0,"CREATE TABLE main_dbt_test__audit.source_not_null_main_internacoes_GESTRISCO(N_AIH BIGINT, CNES INTEGER, DT_INTER DATE, DT_SAIDA DATE, DIAS_PERM SMALLINT, DIAR_ACOM SMALLINT, CAR_INT TINYINT, ESPEC TINYINT, COMPLEX VARCHAR, MARCA_UTI TINYINT, UTI_INT_TO TINYINT, IND_VDRL BOOLEAN, MORTE BOOLEAN, GESTRISCO BOOLEAN, DIAG_PRINC VARCHAR, DIAG_SECUN VARCHAR, CID_MORTE VARCHAR, CID_NOTIF VARCHAR, DIAGSEC1 VARCHAR, DIAGSEC2 VARCHAR, DIAGSEC3 VARCHAR, DIAGSEC4 VARCHAR, DIAGSEC5 VARCHAR, DIAGSEC6 VARCHAR, DIAGSEC7 VARCHAR, DIAGSEC8 VARCHAR, DIAGSEC9 VARCHAR, VAL_SH DOUBLE, VAL_SP DOUBLE, VAL_UTI DOUBLE, VAL_TOT DOUBLE, NASC DATE, IDADE SMALLINT, SEXO TINYINT, RACA_COR TINYINT, ETNIA SMALLINT, NACIONAL SMALLINT, INSTRU TINYINT, VINCPREV TINYINT, CBOR VARCHAR, MUNIC_RES INTEGER, CEP VARCHAR, NUM_FILHOS TINYINT, CONTRACEP1 TINYINT, CONTRACEP2 TINYINT, INSC_PN VARCHAR);"
main_dbt_test__audit,source_not_null_main_internacoes_IDADE,False,0,46,0,0,"CREATE TABLE main_dbt_test__audit.source_not_null_main_internacoes_IDADE(N_AIH BIGINT, CNES INTEGER, DT_INTER DATE, DT_SAIDA DATE, DIAS_PERM SMALLINT, DIAR_ACOM SMALLINT, CAR_INT TINYINT, ESPEC TINYINT, COMPLEX VARCHAR, MARCA_UTI TINYINT, UTI_INT_TO TINYINT, IND_VDRL BOOLEAN, MORTE BOOLEAN, GESTRISCO BOOLEAN, DIAG_PRINC VARCHAR, DIAG_SECUN VARCHAR, CID_MORTE VARCHAR, CID_NOTIF VARCHAR, DIAGSEC1 VARCHAR, DIAGSEC2 VARCHAR, DIAGSEC3 VARCHAR, DIAGSEC4 VARCHAR, DIAGSEC5 VARCHAR, DIAGSEC6 VARCHAR, DIAGSEC7 VARCHAR, DIAGSEC8 VARCHAR, DIAGSEC9 VARCHAR, VAL_SH DOUBLE, VAL_SP DOUBLE, VAL_UTI DOUBLE, VAL_TOT DOUBLE, NASC DATE, IDADE SMALLINT, SEXO TINYINT, RACA_COR TINYINT, ETNIA SMALLINT, NACIONAL SMALLINT, INSTRU TINYINT, VINCPREV TINYINT, CBOR VARCHAR, MUNIC_RES INTEGER, CEP VARCHAR, NUM_FILHOS TINYINT, CONTRACEP1 TINYINT, CONTRACEP2 TINYINT, INSC_PN VARCHAR);"
main_dbt_test__audit,source_not_null_main_internacoes_IND_VDRL,False,0,46,0,0,"CREATE TABLE main_dbt_test__audit.source_not_null_main_internacoes_IND_VDRL(N_AIH BIGINT, CNES INTEGER, DT_INTER DATE, DT_SAIDA DATE, DIAS_PERM SMALLINT, DIAR_ACOM SMALLINT, CAR_INT TINYINT, ESPEC TINYINT, COMPLEX VARCHAR, MARCA_UTI TINYINT, UTI_INT_TO TINYINT, IND_VDRL BOOLEAN, MORTE BOOLEAN, GESTRISCO BOOLEAN, DIAG_PRINC VARCHAR, DIAG_SECUN VARCHAR, CID_MORTE VARCHAR, CID_NOTIF VARCHAR, DIAGSEC1 VARCHAR, DIAGSEC2 VARCHAR, DIAGSEC3 VARCHAR, DIAGSEC4 VARCHAR, DIAGSEC5 VARCHAR, DIAGSEC6 VARCHAR, DIAGSEC7 VARCHAR, DIAGSEC8 VARCHAR, DIAGSEC9 VARCHAR, VAL_SH DOUBLE, VAL_SP DOUBLE, VAL_UTI DOUBLE, VAL_TOT DOUBLE, NASC DATE, IDADE SMALLINT, SEXO TINYINT, RACA_COR TINYINT, ETNIA SMALLINT, NACIONAL SMALLINT, INSTRU TINYINT, VINCPREV TINYINT, CBOR VARCHAR, MUNIC_RES INTEGER, CEP VARCHAR, NUM_FILHOS TINYINT, CONTRACEP1 TINYINT, CONTRACEP2 TINYINT, INSC_PN VARCHAR);"
main_dbt_test__audit,source_not_null_main_internacoes_INSTRU,False,0,46,0,0,"CREATE TABLE main_dbt_test__audit.source_not_null_main_internacoes_INSTRU(N_AIH BIGINT, CNES INTEGER, DT_INTER DATE, DT_SAIDA DATE, DIAS_PERM SMALLINT, DIAR_ACOM SMALLINT, CAR_INT TINYINT, ESPEC TINYINT, COMPLEX VARCHAR, MARCA_UTI TINYINT, UTI_INT_TO TINYINT, IND_VDRL BOOLEAN, MORTE BOOLEAN, GESTRISCO BOOLEAN, DIAG_PRINC VARCHAR, DIAG_SECUN VARCHAR, CID_MORTE VARCHAR, CID_NOTIF VARCHAR, DIAGSEC1 VARCHAR, DIAGSEC2 VARCHAR, DIAGSEC3 VARCHAR, DIAGSEC4 VARCHAR, DIAGSEC5 VARCHAR, DIAGSEC6 VARCHAR, DIAGSEC7 VARCHAR, DIAGSEC8 VARCHAR, DIAGSEC9 VARCHAR, VAL_SH DOUBLE, VAL_SP DOUBLE, VAL_UTI DOUBLE, VAL_TOT DOUBLE, NASC DATE, IDADE SMALLINT, SEXO TINYINT, RACA_COR TINYINT, ETNIA SMALLINT, NACIONAL SMALLINT, INSTRU TINYINT, VINCPREV TINYINT, CBOR VARCHAR, MUNIC_RES INTEGER, CEP VARCHAR, NUM_FILHOS TINYINT, CONTRACEP1 TINYINT, CONTRACEP2 TINYINT, INSC_PN VARCHAR);"
main_dbt_test__audit,source_not_null_main_internacoes_MARCA_UTI,False,0,46,0,0,"CREATE TABLE main_dbt_test__audit.source_not_null_main_internacoes_MARCA_UTI(N_AIH BIGINT, CNES INTEGER, DT_INTER DATE, DT_SAIDA DATE, DIAS_PERM SMALLINT, DIAR_ACOM SMALLINT, CAR_INT TINYINT, ESPEC TINYINT, COMPLEX VARCHAR, MARCA_UTI TINYINT, UTI_INT_TO TINYINT, IND_VDRL BOOLEAN, MORTE BOOLEAN, GESTRISCO BOOLEAN, DIAG_PRINC VARCHAR, DIAG_SECUN VARCHAR, CID_MORTE VARCHAR, CID_NOTIF VARCHAR, DIAGSEC1 VARCHAR, DIAGSEC2 VARCHAR, DIAGSEC3 VARCHAR, DIAGSEC4 VARCHAR, DIAGSEC5 VARCHAR, DIAGSEC6 VARCHAR, DIAGSEC7 VARCHAR, DIAGSEC8 VARCHAR, DIAGSEC9 VARCHAR, VAL_SH DOUBLE, VAL_SP DOUBLE, VAL_UTI DOUBLE, VAL_TOT DOUBLE, NASC DATE, IDADE SMALLINT, SEXO TINYINT, RACA_COR TINYINT, ETNIA SMALLINT, NACIONAL SMALLINT, INSTRU TINYINT, VINCPREV TINYINT, CBOR VARCHAR, MUNIC_RES INTEGER, CEP VARCHAR, NUM_FILHOS TINYINT, CONTRACEP1 TINYINT, CONTRACEP2 TINYINT, INSC_PN VARCHAR);"
main_dbt_test__audit,source_not_null_main_internacoes_MORTE,False,0,46,0,0,"CREATE TABLE main_dbt_test__audit.source_not_null_main_internacoes_MORTE(N_AIH BIGINT, CNES INTEGER, DT_INTER DATE, DT_SAIDA DATE, DIAS_PERM SMALLINT, DIAR_ACOM SMALLINT, CAR_INT TINYINT, ESPEC TINYINT, COMPLEX VARCHAR, MARCA_UTI TINYINT, UTI_INT_TO TINYINT, IND_VDRL BOOLEAN, MORTE BOOLEAN, GESTRISCO BOOLEAN, DIAG_PRINC VARCHAR, DIAG_SECUN VARCHAR, CID_MORTE VARCHAR, CID_NOTIF VARCHAR, DIAGSEC1 VARCHAR, DIAGSEC2 VARCHAR, DIAGSEC3 VARCHAR, DIAGSEC4 VARCHAR, DIAGSEC5 VARCHAR, DIAGSEC6 VARCHAR, DIAGSEC7 VARCHAR, DIAGSEC8 VARCHAR, DIAGSEC9 VARCHAR, VAL_SH DOUBLE, VAL_SP DOUBLE, VAL_UTI DOUBLE, VAL_TOT DOUBLE, NASC DATE, IDADE SMALLINT, SEXO TINYINT, RACA_COR TINYINT, ETNIA SMALLINT, NACIONAL SMALLINT, INSTRU TINYINT, VINCPREV TINYINT, CBOR VARCHAR, MUNIC_RES INTEGER, CEP VARCHAR, NUM_FILHOS TINYINT, CONTRACEP1 TINYINT, CONTRACEP2 TINYINT, INSC_PN VARCHAR);"
main_dbt_test__audit,source_not_null_main_internacoes_MUNIC_RES,False,0,46,0,0,"CREATE TABLE main_dbt_test__audit.source_not_null_main_internacoes_MUNIC_RES(N_AIH BIGINT, CNES INTEGER, DT_INTER DATE, DT_SAIDA DATE, DIAS_PERM SMALLINT, DIAR_ACOM SMALLINT, CAR_INT TINYINT, ESPEC TINYINT, COMPLEX VARCHAR, MARCA_UTI TINYINT, UTI_INT_TO TINYINT, IND_VDRL BOOLEAN, MORTE BOOLEAN, GESTRISCO BOOLEAN, DIAG_PRINC VARCHAR, DIAG_SECUN VARCHAR, CID_MORTE VARCHAR, CID_NOTIF VARCHAR, DIAGSEC1 VARCHAR, DIAGSEC2 VARCHAR, DIAGSEC3 VARCHAR, DIAGSEC4 VARCHAR, DIAGSEC5 VARCHAR, DIAGSEC6 VARCHAR, DIAGSEC7 VARCHAR, DIAGSEC8 VARCHAR, DIAGSEC9 VARCHAR, VAL_SH DOUBLE, VAL_SP DOUBLE, VAL_UTI DOUBLE, VAL_TOT DOUBLE, NASC DATE, IDADE SMALLINT, SEXO TINYINT, RACA_COR TINYINT, ETNIA SMALLINT, NACIONAL SMALLINT, INSTRU TINYINT, VINCPREV TINYINT, CBOR VARCHAR, MUNIC_RES INTEGER, CEP VARCHAR, NUM_FILHOS TINYINT, CONTRACEP1 TINYINT, CONTRACEP2 TINYINT, INSC_PN VARCHAR);"
main_dbt_test__audit,source_not_null_main_internacoes_NACIONAL,False,0,46,0,0,"CREATE TABLE main_dbt_test__audit.source_not_null_main_internacoes_NACIONAL(N_AIH BIGINT, CNES INTEGER, DT_INTER DATE, DT_SAIDA DATE, DIAS_PERM SMALLINT, DIAR_ACOM SMALLINT, CAR_INT TINYINT, ESPEC TINYINT, COMPLEX VARCHAR, MARCA_UTI TINYINT, UTI_INT_TO TINYINT, IND_VDRL BOOLEAN, MORTE BOOLEAN, GESTRISCO BOOLEAN, DIAG_PRINC VARCHAR, DIAG_SECUN VARCHAR, CID_MORTE VARCHAR, CID_NOTIF VARCHAR, DIAGSEC1 VARCHAR, DIAGSEC2 VARCHAR, DIAGSEC3 VARCHAR, DIAGSEC4 VARCHAR, DIAGSEC5 VARCHAR, DIAGSEC6 VARCHAR, DIAGSEC7 VARCHAR, DIAGSEC8 VARCHAR, DIAGSEC9 VARCHAR, VAL_SH DOUBLE, VAL_SP DOUBLE, VAL_UTI DOUBLE, VAL_TOT DOUBLE, NASC DATE, IDADE SMALLINT, SEXO TINYINT, RACA_COR TINYINT, ETNIA SMALLINT, NACIONAL SMALLINT, INSTRU TINYINT, VINCPREV TINYINT, CBOR VARCHAR, MUNIC_RES INTEGER, CEP VARCHAR, NUM_FILHOS TINYINT, CONTRACEP1 TINYINT, CONTRACEP2 TINYINT, INSC_PN VARCHAR);"
main_dbt_test__audit,source_not_null_main_internacoes_NUM_FILHOS,False,0,46,0,0,"CREATE TABLE main_dbt_test__audit.source_not_null_main_internacoes_NUM_FILHOS(N_AIH BIGINT, CNES INTEGER, DT_INTER DATE, DT_SAIDA DATE, DIAS_PERM SMALLINT, DIAR_ACOM SMALLINT, CAR_INT TINYINT, ESPEC TINYINT, COMPLEX VARCHAR, MARCA_UTI TINYINT, UTI_INT_TO TINYINT, IND_VDRL BOOLEAN, MORTE BOOLEAN, GESTRISCO BOOLEAN, DIAG_PRINC VARCHAR, DIAG_SECUN VARCHAR, CID_MORTE VARCHAR, CID_NOTIF VARCHAR, DIAGSEC1 VARCHAR, DIAGSEC2 VARCHAR, DIAGSEC3 VARCHAR, DIAGSEC4 VARCHAR, DIAGSEC5 VARCHAR, DIAGSEC6 VARCHAR, DIAGSEC7 VARCHAR, DIAGSEC8 VARCHAR, DIAGSEC9 VARCHAR, VAL_SH DOUBLE, VAL_SP DOUBLE, VAL_UTI DOUBLE, VAL_TOT DOUBLE, NASC DATE, IDADE SMALLINT, SEXO TINYINT, RACA_COR TINYINT, ETNIA SMALLINT, NACIONAL SMALLINT, INSTRU TINYINT, VINCPREV TINYINT, CBOR VARCHAR, MUNIC_RES INTEGER, CEP VARCHAR, NUM_FILHOS TINYINT, CONTRACEP1 TINYINT, CONTRACEP2 TINYINT, INSC_PN VARCHAR);"
main_dbt_test__audit,source_not_null_main_internacoes_N_AIH,False,0,46,0,0,"CREATE TABLE main_dbt_test__audit.source_not_null_main_internacoes_N_AIH(N_AIH BIGINT, CNES INTEGER, DT_INTER DATE, DT_SAIDA DATE, DIAS_PERM SMALLINT, DIAR_ACOM SMALLINT, CAR_INT TINYINT, ESPEC TINYINT, COMPLEX VARCHAR, MARCA_UTI TINYINT, UTI_INT_TO TINYINT, IND_VDRL BOOLEAN, MORTE BOOLEAN, GESTRISCO BOOLEAN, DIAG_PRINC VARCHAR, DIAG_SECUN VARCHAR, CID_MORTE VARCHAR, CID_NOTIF VARCHAR, DIAGSEC1 VARCHAR, DIAGSEC2 VARCHAR, DIAGSEC3 VARCHAR, DIAGSEC4 VARCHAR, DIAGSEC5 VARCHAR, DIAGSEC6 VARCHAR, DIAGSEC7 VARCHAR, DIAGSEC8 VARCHAR, DIAGSEC9 VARCHAR, VAL_SH DOUBLE, VAL_SP DOUBLE, VAL_UTI DOUBLE, VAL_TOT DOUBLE, NASC DATE, IDADE SMALLINT, SEXO TINYINT, RACA_COR TINYINT, ETNIA SMALLINT, NACIONAL SMALLINT, INSTRU TINYINT, VINCPREV TINYINT, CBOR VARCHAR, MUNIC_RES INTEGER, CEP VARCHAR, NUM_FILHOS TINYINT, CONTRACEP1 TINYINT, CONTRACEP2 TINYINT, INSC_PN VARCHAR);"
main_dbt_test__audit,source_not_null_main_internacoes_RACA_COR,False,0,46,0,0,"CREATE TABLE main_dbt_test__audit.source_not_null_main_internacoes_RACA_COR(N_AIH BIGINT, CNES INTEGER, DT_INTER DATE, DT_SAIDA DATE, DIAS_PERM SMALLINT, DIAR_ACOM SMALLINT, CAR_INT TINYINT, ESPEC TINYINT, COMPLEX VARCHAR, MARCA_UTI TINYINT, UTI_INT_TO TINYINT, IND_VDRL BOOLEAN, MORTE BOOLEAN, GESTRISCO BOOLEAN, DIAG_PRINC VARCHAR, DIAG_SECUN VARCHAR, CID_MORTE VARCHAR, CID_NOTIF VARCHAR, DIAGSEC1 VARCHAR, DIAGSEC2 VARCHAR, DIAGSEC3 VARCHAR, DIAGSEC4 VARCHAR, DIAGSEC5 VARCHAR, DIAGSEC6 VARCHAR, DIAGSEC7 VARCHAR, DIAGSEC8 VARCHAR, DIAGSEC9 VARCHAR, VAL_SH DOUBLE, VAL_SP DOUBLE, VAL_UTI DOUBLE, VAL_TOT DOUBLE, NASC DATE, IDADE SMALLINT, SEXO TINYINT, RACA_COR TINYINT, ETNIA SMALLINT, NACIONAL SMALLINT, INSTRU TINYINT, VINCPREV TINYINT, CBOR VARCHAR, MUNIC_RES INTEGER, CEP VARCHAR, NUM_FILHOS TINYINT, CONTRACEP1 TINYINT, CONTRACEP2 TINYINT, INSC_PN VARCHAR);"
main_dbt_test__audit,source_not_null_main_internacoes_SEXO,False,0,46,0,0,"CREATE TABLE main_dbt_test__audit.source_not_null_main_internacoes_SEXO(N_AIH BIGINT, CNES INTEGER, DT_INTER DATE, DT_SAIDA DATE, DIAS_PERM SMALLINT, DIAR_ACOM SMALLINT, CAR_INT TINYINT, ESPEC TINYINT, COMPLEX VARCHAR, MARCA_UTI TINYINT, UTI_INT_TO TINYINT, IND_VDRL BOOLEAN, MORTE BOOLEAN, GESTRISCO BOOLEAN, DIAG_PRINC VARCHAR, DIAG_SECUN VARCHAR, CID_MORTE VARCHAR, CID_NOTIF VARCHAR, DIAGSEC1 VARCHAR, DIAGSEC2 VARCHAR, DIAGSEC3 VARCHAR, DIAGSEC4 VARCHAR, DIAGSEC5 VARCHAR, DIAGSEC6 VARCHAR, DIAGSEC7 VARCHAR, DIAGSEC8 VARCHAR, DIAGSEC9 VARCHAR, VAL_SH DOUBLE, VAL_SP DOUBLE, VAL_UTI DOUBLE, VAL_TOT DOUBLE, NASC DATE, IDADE SMALLINT, SEXO TINYINT, RACA_COR TINYINT, ETNIA SMALLINT, NACIONAL SMALLINT, INSTRU TINYINT, VINCPREV TINYINT, CBOR VARCHAR, MUNIC_RES INTEGER, CEP VARCHAR, NUM_FILHOS TINYINT, CONTRACEP1 TINYINT, CONTRACEP2 TINYINT, INSC_PN VARCHAR);"
main_dbt_test__audit,source_not_null_main_internacoes_UTI_INT_TO,False,0,46,0,0,"CREATE TABLE main_dbt_test__audit.source_not_null_main_internacoes_UTI_INT_TO(N_AIH BIGINT, CNES INTEGER, DT_INTER DATE, DT_SAIDA DATE, DIAS_PERM SMALLINT, DIAR_ACOM SMALLINT, CAR_INT TINYINT, ESPEC TINYINT, COMPLEX VARCHAR, MARCA_UTI TINYINT, UTI_INT_TO TINYINT, IND_VDRL BOOLEAN, MORTE BOOLEAN, GESTRISCO BOOLEAN, DIAG_PRINC VARCHAR, DIAG_SECUN VARCHAR, CID_MORTE VARCHAR, CID_NOTIF VARCHAR, DIAGSEC1 VARCHAR, DIAGSEC2 VARCHAR, DIAGSEC3 VARCHAR, DIAGSEC4 VARCHAR, DIAGSEC5 VARCHAR, DIAGSEC6 VARCHAR, DIAGSEC7 VARCHAR, DIAGSEC8 VARCHAR, DIAGSEC9 VARCHAR, VAL_SH DOUBLE, VAL_SP DOUBLE, VAL_UTI DOUBLE, VAL_TOT DOUBLE, NASC DATE, IDADE SMALLINT, SEXO TINYINT, RACA_COR TINYINT, ETNIA SMALLINT, NACIONAL SMALLINT, INSTRU TINYINT, VINCPREV TINYINT, CBOR VARCHAR, MUNIC_RES INTEGER, CEP VARCHAR, NUM_FILHOS TINYINT, CONTRACEP1 TINYINT, CONTRACEP2 TINYINT, INSC_PN VARCHAR);"
main_dbt_test__audit,source_not_null_main_internacoes_VAL_SH,False,0,46,0,0,"CREATE TABLE main_dbt_test__audit.source_not_null_main_internacoes_VAL_SH(N_AIH BIGINT, CNES INTEGER, DT_INTER DATE, DT_SAIDA DATE, DIAS_PERM SMALLINT, DIAR_ACOM SMALLINT, CAR_INT TINYINT, ESPEC TINYINT, COMPLEX VARCHAR, MARCA_UTI TINYINT, UTI_INT_TO TINYINT, IND_VDRL BOOLEAN, MORTE BOOLEAN, GESTRISCO BOOLEAN, DIAG_PRINC VARCHAR, DIAG_SECUN VARCHAR, CID_MORTE VARCHAR, CID_NOTIF VARCHAR, DIAGSEC1 VARCHAR, DIAGSEC2 VARCHAR, DIAGSEC3 VARCHAR, DIAGSEC4 VARCHAR, DIAGSEC5 VARCHAR, DIAGSEC6 VARCHAR, DIAGSEC7 VARCHAR, DIAGSEC8 VARCHAR, DIAGSEC9 VARCHAR, VAL_SH DOUBLE, VAL_SP DOUBLE, VAL_UTI DOUBLE, VAL_TOT DOUBLE, NASC DATE, IDADE SMALLINT, SEXO TINYINT, RACA_COR TINYINT, ETNIA SMALLINT, NACIONAL SMALLINT, INSTRU TINYINT, VINCPREV TINYINT, CBOR VARCHAR, MUNIC_RES INTEGER, CEP VARCHAR, NUM_FILHOS TINYINT, CONTRACEP1 TINYINT, CONTRACEP2 TINYINT, INSC_PN VARCHAR);"
main_dbt_test__audit,source_not_null_main_internacoes_VAL_SP,False,0,46,0,0,"CREATE TABLE main_dbt_test__audit.source_not_null_main_internacoes_VAL_SP(N_AIH BIGINT, CNES INTEGER, DT_INTER DATE, DT_SAIDA DATE, DIAS_PERM SMALLINT, DIAR_ACOM SMALLINT, CAR_INT TINYINT, ESPEC TINYINT, COMPLEX VARCHAR, MARCA_UTI TINYINT, UTI_INT_TO TINYINT, IND_VDRL BOOLEAN, MORTE BOOLEAN, GESTRISCO BOOLEAN, DIAG_PRINC VARCHAR, DIAG_SECUN VARCHAR, CID_MORTE VARCHAR, CID_NOTIF VARCHAR, DIAGSEC1 VARCHAR, DIAGSEC2 VARCHAR, DIAGSEC3 VARCHAR, DIAGSEC4 VARCHAR, DIAGSEC5 VARCHAR, DIAGSEC6 VARCHAR, DIAGSEC7 VARCHAR, DIAGSEC8 VARCHAR, DIAGSEC9 VARCHAR, VAL_SH DOUBLE, VAL_SP DOUBLE, VAL_UTI DOUBLE, VAL_TOT DOUBLE, NASC DATE, IDADE SMALLINT, SEXO TINYINT, RACA_COR TINYINT, ETNIA SMALLINT, NACIONAL SMALLINT, INSTRU TINYINT, VINCPREV TINYINT, CBOR VARCHAR, MUNIC_RES INTEGER, CEP VARCHAR, NUM_FILHOS TINYINT, CONTRACEP1 TINYINT, CONTRACEP2 TINYINT, INSC_PN VARCHAR);"
main_dbt_test__audit,source_not_null_main_internacoes_VAL_TOT,False,0,46,0,0,"CREATE TABLE main_dbt_test__audit.source_not_null_main_internacoes_VAL_TOT(N_AIH BIGINT, CNES INTEGER, DT_INTER DATE, DT_SAIDA DATE, DIAS_PERM SMALLINT, DIAR_ACOM SMALLINT, CAR_INT TINYINT, ESPEC TINYINT, COMPLEX VARCHAR, MARCA_UTI TINYINT, UTI_INT_TO TINYINT, IND_VDRL BOOLEAN, MORTE BOOLEAN, GESTRISCO BOOLEAN, DIAG_PRINC VARCHAR, DIAG_SECUN VARCHAR, CID_MORTE VARCHAR, CID_NOTIF VARCHAR, DIAGSEC1 VARCHAR, DIAGSEC2 VARCHAR, DIAGSEC3 VARCHAR, DIAGSEC4 VARCHAR, DIAGSEC5 VARCHAR, DIAGSEC6 VARCHAR, DIAGSEC7 VARCHAR, DIAGSEC8 VARCHAR, DIAGSEC9 VARCHAR, VAL_SH DOUBLE, VAL_SP DOUBLE, VAL_UTI DOUBLE, VAL_TOT DOUBLE, NASC DATE, IDADE SMALLINT, SEXO TINYINT, RACA_COR TINYINT, ETNIA SMALLINT, NACIONAL SMALLINT, INSTRU TINYINT, VINCPREV TINYINT, CBOR VARCHAR, MUNIC_RES INTEGER, CEP VARCHAR, NUM_FILHOS TINYINT, CONTRACEP1 TINYINT, CONTRACEP2 TINYINT, INSC_PN VARCHAR);"
main_dbt_test__audit,source_not_null_main_internacoes_VAL_UTI,False,0,46,0,0,"CREATE TABLE main_dbt_test__audit.source_not_null_main_internacoes_VAL_UTI(N_AIH BIGINT, CNES INTEGER, DT_INTER DATE, DT_SAIDA DATE, DIAS_PERM SMALLINT, DIAR_ACOM SMALLINT, CAR_INT TINYINT, ESPEC TINYINT, COMPLEX VARCHAR, MARCA_UTI TINYINT, UTI_INT_TO TINYINT, IND_VDRL BOOLEAN, MORTE BOOLEAN, GESTRISCO BOOLEAN, DIAG_PRINC VARCHAR, DIAG_SECUN VARCHAR, CID_MORTE VARCHAR, CID_NOTIF VARCHAR, DIAGSEC1 VARCHAR, DIAGSEC2 VARCHAR, DIAGSEC3 VARCHAR, DIAGSEC4 VARCHAR, DIAGSEC5 VARCHAR, DIAGSEC6 VARCHAR, DIAGSEC7 VARCHAR, DIAGSEC8 VARCHAR, DIAGSEC9 VARCHAR, VAL_SH DOUBLE, VAL_SP DOUBLE, VAL_UTI DOUBLE, VAL_TOT DOUBLE, NASC DATE, IDADE SMALLINT, SEXO TINYINT, RACA_COR TINYINT, ETNIA SMALLINT, NACIONAL SMALLINT, INSTRU TINYINT, VINCPREV TINYINT, CBOR VARCHAR, MUNIC_RES INTEGER, CEP VARCHAR, NUM_FILHOS TINYINT, CONTRACEP1 TINYINT, CONTRACEP2 TINYINT, INSC_PN VARCHAR);"
main_dbt_test__audit,source_not_null_main_internacoes_VINCPREV,False,0,46,0,0,"CREATE TABLE main_dbt_test__audit.source_not_null_main_internacoes_VINCPREV(N_AIH BIGINT, CNES INTEGER, DT_INTER DATE, DT_SAIDA DATE, DIAS_PERM SMALLINT, DIAR_ACOM SMALLINT, CAR_INT TINYINT, ESPEC TINYINT, COMPLEX VARCHAR, MARCA_UTI TINYINT, UTI_INT_TO TINYINT, IND_VDRL BOOLEAN, MORTE BOOLEAN, GESTRISCO BOOLEAN, DIAG_PRINC VARCHAR, DIAG_SECUN VARCHAR, CID_MORTE VARCHAR, CID_NOTIF VARCHAR, DIAGSEC1 VARCHAR, DIAGSEC2 VARCHAR, DIAGSEC3 VARCHAR, DIAGSEC4 VARCHAR, DIAGSEC5 VARCHAR, DIAGSEC6 VARCHAR, DIAGSEC7 VARCHAR, DIAGSEC8 VARCHAR, DIAGSEC9 VARCHAR, VAL_SH DOUBLE, VAL_SP DOUBLE, VAL_UTI DOUBLE, VAL_TOT DOUBLE, NASC DATE, IDADE SMALLINT, SEXO TINYINT, RACA_COR TINYINT, ETNIA SMALLINT, NACIONAL SMALLINT, INSTRU TINYINT, VINCPREV TINYINT, CBOR VARCHAR, MUNIC_RES INTEGER, CEP VARCHAR, NUM_FILHOS TINYINT, CONTRACEP1 TINYINT, CONTRACEP2 TINYINT, INSC_PN VARCHAR);"
main_dbt_test__audit,source_not_null_main_marca_uti_DESCRICAO,False,0,2,0,0,"CREATE TABLE main_dbt_test__audit.source_not_null_main_marca_uti_DESCRICAO(MARCA_UTI TINYINT, DESCRICAO VARCHAR);"
main_dbt_test__audit,source_not_null_main_marca_uti_MARCA_UTI,False,0,2,0,0,"CREATE TABLE main_dbt_test__audit.source_not_null_main_marca_uti_MARCA_UTI(MARCA_UTI TINYINT, DESCRICAO VARCHAR);"
main_dbt_test__audit,source_not_null_main_municipios_CO_MUNICIPIO_6D,False,0,7,0,0,"CREATE TABLE main_dbt_test__audit.source_not_null_main_municipios_CO_MUNICIPIO_6D(CO_MUNICIPIO_6D INTEGER, CO_MUNICIPIO_7D INTEGER, NO_MUNICIPIO VARCHAR, SG_UF VARCHAR, NO_REGIAO_SAUDE VARCHAR, latitude FLOAT, longitude FLOAT);"
main_dbt_test__audit,source_not_null_main_municipios_CO_MUNICIPIO_7D,False,18,7,0,0,"CREATE TABLE main_dbt_test__audit.source_not_null_main_municipios_CO_MUNICIPIO_7D(CO_MUNICIPIO_6D INTEGER, CO_MUNICIPIO_7D INTEGER, NO_MUNICIPIO VARCHAR, SG_UF VARCHAR, NO_REGIAO_SAUDE VARCHAR, latitude FLOAT, longitude FLOAT);"
main_dbt_test__audit,source_not_null_main_municipios_NO_MUNICIPIO,False,0,7,0,0,"CREATE TABLE main_dbt_test__audit.source_not_null_main_municipios_NO_MUNICIPIO(CO_MUNICIPIO_6D INTEGER, CO_MUNICIPIO_7D INTEGER, NO_MUNICIPIO VARCHAR, SG_UF VARCHAR, NO_REGIAO_SAUDE VARCHAR, latitude FLOAT, longitude FLOAT);"
main_dbt_test__audit,source_not_null_main_municipios_SG_UF,False,0,7,0,0,"CREATE TABLE main_dbt_test__audit.source_not_null_main_municipios_SG_UF(CO_MUNICIPIO_6D INTEGER, CO_MUNICIPIO_7D INTEGER, NO_MUNICIPIO VARCHAR, SG_UF VARCHAR, NO_REGIAO_SAUDE VARCHAR, latitude FLOAT, longitude FLOAT);"
main_dbt_test__audit,source_not_null_main_nacionalidade_DESCRICAO,False,0,2,0,0,"CREATE TABLE main_dbt_test__audit.source_not_null_main_nacionalidade_DESCRICAO(NACIONAL SMALLINT, DESCRICAO VARCHAR);"
main_dbt_test__audit,source_not_null_main_nacionalidade_NACIONAL,False,0,2,0,0,"CREATE TABLE main_dbt_test__audit.source_not_null_main_nacionalidade_NACIONAL(NACIONAL SMALLINT, DESCRICAO VARCHAR);"
main_dbt_test__audit,source_not_null_main_procedimentos_NOME_PROC,False,0,2,0,0,"CREATE TABLE main_dbt_test__audit.source_not_null_main_procedimentos_NOME_PROC(PROC_REA BIGINT, NOME_PROC VARCHAR);"
main_dbt_test__audit,source_not_null_main_procedimentos_PROC_REA,False,0,2,0,0,"CREATE TABLE main_dbt_test__audit.source_not_null_main_procedimentos_PROC_REA(PROC_REA BIGINT, NOME_PROC VARCHAR);"
main_dbt_test__audit,source_not_null_main_raca_cor_DESCRICAO,False,0,2,0,0,"CREATE TABLE main_dbt_test__audit.source_not_null_main_raca_cor_DESCRICAO(RACA_COR TINYINT, DESCRICAO VARCHAR);"
main_dbt_test__audit,source_not_null_main_raca_cor_RACA_COR,False,0,2,0,0,"CREATE TABLE main_dbt_test__audit.source_not_null_main_raca_cor_RACA_COR(RACA_COR TINYINT, DESCRICAO VARCHAR);"
main_dbt_test__audit,source_not_null_main_sexo_DESCRICAO,False,0,2,0,0,"CREATE TABLE main_dbt_test__audit.source_not_null_main_sexo_DESCRICAO(SEXO TINYINT, DESCRICAO VARCHAR);"
main_dbt_test__audit,source_not_null_main_sexo_SEXO,False,0,2,0,0,"CREATE TABLE main_dbt_test__audit.source_not_null_main_sexo_SEXO(SEXO TINYINT, DESCRICAO VARCHAR);"
main_dbt_test__audit,source_not_null_main_socioeconomico_CO_MUNICIPIO_6D,False,0,11,0,0,"CREATE TABLE main_dbt_test__audit.source_not_null_main_socioeconomico_CO_MUNICIPIO_6D(CO_MUNICIPIO_6D INTEGER, NU_ANO SMALLINT, QT_POPULACAO BIGINT, VL_PIB_PERCAPITA DOUBLE, QT_OBITOS_INFANTIS INTEGER, QT_NASCIDOS_VIVOS INTEGER, VL_MORT_INFANTIL DOUBLE, QT_LEITOS_SUS INTEGER, VL_LEITOS_SUS_1000 DOUBLE, QT_MEDICOS INTEGER, VL_MEDICOS_1000 DOUBLE);"
main_dbt_test__audit,source_not_null_main_socioeconomico_NU_ANO,False,0,11,0,0,"CREATE TABLE main_dbt_test__audit.source_not_null_main_socioeconomico_NU_ANO(CO_MUNICIPIO_6D INTEGER, NU_ANO SMALLINT, QT_POPULACAO BIGINT, VL_PIB_PERCAPITA DOUBLE, QT_OBITOS_INFANTIS INTEGER, QT_NASCIDOS_VIVOS INTEGER, VL_MORT_INFANTIL DOUBLE, QT_LEITOS_SUS INTEGER, VL_LEITOS_SUS_1000 DOUBLE, QT_MEDICOS INTEGER, VL_MEDICOS_1000 DOUBLE);"
main_dbt_test__audit,source_not_null_main_socioeconomico_QT_LEITOS_SUS,False,26535,11,0,0,"CREATE TABLE main_dbt_test__audit.source_not_null_main_socioeconomico_QT_LEITOS_SUS(CO_MUNICIPIO_6D INTEGER, NU_ANO SMALLINT, QT_POPULACAO BIGINT, VL_PIB_PERCAPITA DOUBLE, QT_OBITOS_INFANTIS INTEGER, QT_NASCIDOS_VIVOS INTEGER, VL_MORT_INFANTIL DOUBLE, QT_LEITOS_SUS INTEGER, VL_LEITOS_SUS_1000 DOUBLE, QT_MEDICOS INTEGER, VL_MEDICOS_1000 DOUBLE);"
main_dbt_test__audit,source_not_null_main_socioeconomico_QT_MEDICOS,False,685,11,0,0,"CREATE TABLE main_dbt_test__audit.source_not_null_main_socioeconomico_QT_MEDICOS(CO_MUNICIPIO_6D INTEGER, NU_ANO SMALLINT, QT_POPULACAO BIGINT, VL_PIB_PERCAPITA DOUBLE, QT_OBITOS_INFANTIS INTEGER, QT_NASCIDOS_VIVOS INTEGER, VL_MORT_INFANTIL DOUBLE, QT_LEITOS_SUS INTEGER, VL_LEITOS_SUS_1000 DOUBLE, QT_MEDICOS INTEGER, VL_MEDICOS_1000 DOUBLE);"
main_dbt_test__audit,source_not_null_main_socioeconomico_QT_NASCIDOS_VIVOS,False,0,11,0,0,"CREATE TABLE main_dbt_test__audit.source_not_null_main_socioeconomico_QT_NASCIDOS_VIVOS(CO_MUNICIPIO_6D INTEGER, NU_ANO SMALLINT, QT_POPULACAO BIGINT, VL_PIB_PERCAPITA DOUBLE, QT_OBITOS_INFANTIS INTEGER, QT_NASCIDOS_VIVOS INTEGER, VL_MORT_INFANTIL DOUBLE, QT_LEITOS_SUS INTEGER, VL_LEITOS_SUS_1000 DOUBLE, QT_MEDICOS INTEGER, VL_MEDICOS_1000 DOUBLE);"
main_dbt_test__audit,source_not_null_main_socioeconomico_QT_OBITOS_INFANTIS,False,0,11,0,0,"CREATE TABLE main_dbt_test__audit.source_not_null_main_socioeconomico_QT_OBITOS_INFANTIS(CO_MUNICIPIO_6D INTEGER, NU_ANO SMALLINT, QT_POPULACAO BIGINT, VL_PIB_PERCAPITA DOUBLE, QT_OBITOS_INFANTIS INTEGER, QT_NASCIDOS_VIVOS INTEGER, VL_MORT_INFANTIL DOUBLE, QT_LEITOS_SUS INTEGER, VL_LEITOS_SUS_1000 DOUBLE, QT_MEDICOS INTEGER, VL_MEDICOS_1000 DOUBLE);"
main_dbt_test__audit,source_not_null_main_socioeconomico_QT_POPULACAO,False,0,11,0,0,"CREATE TABLE main_dbt_test__audit.source_not_null_main_socioeconomico_QT_POPULACAO(CO_MUNICIPIO_6D INTEGER, NU_ANO SMALLINT, QT_POPULACAO BIGINT, VL_PIB_PERCAPITA DOUBLE, QT_OBITOS_INFANTIS INTEGER, QT_NASCIDOS_VIVOS INTEGER, VL_MORT_INFANTIL DOUBLE, QT_LEITOS_SUS INTEGER, VL_LEITOS_SUS_1000 DOUBLE, QT_MEDICOS INTEGER, VL_MEDICOS_1000 DOUBLE);"
main_dbt_test__audit,source_not_null_main_tempo_ano,False,0,5,0,0,"CREATE TABLE main_dbt_test__audit.source_not_null_main_tempo_ano(""data"" DATE, ano SMALLINT, mes TINYINT, trimestre TINYINT, dia_semana TINYINT);"
main_dbt_test__audit,source_not_null_main_tempo_data,False,0,5,0,0,"CREATE TABLE main_dbt_test__audit.source_not_null_main_tempo_data(""data"" DATE, ano SMALLINT, mes TINYINT, trimestre TINYINT, dia_semana TINYINT);"
main_dbt_test__audit,source_not_null_main_tempo_dia_semana,False,0,5,0,0,"CREATE TABLE main_dbt_test__audit.source_not_null_main_tempo_dia_semana(""data"" DATE, ano SMALLINT, mes TINYINT, trimestre TINYINT, dia_semana TINYINT);"
main_dbt_test__audit,source_not_null_main_tempo_mes,False,0,5,0,0,"CREATE TABLE main_dbt_test__audit.source_not_null_main_tempo_mes(""data"" DATE, ano SMALLINT, mes TINYINT, trimestre TINYINT, dia_semana TINYINT);"
main_dbt_test__audit,source_not_null_main_tempo_trimestre,False,0,5,0,0,"CREATE TABLE main_dbt_test__audit.source_not_null_main_tempo_trimestre(""data"" DATE, ano SMALLINT, mes TINYINT, trimestre TINYINT, dia_semana TINYINT);"
main_dbt_test__audit,source_not_null_main_vincprev_DESCRICAO,False,0,2,0,0,"CREATE TABLE main_dbt_test__audit.source_not_null_main_vincprev_DESCRICAO(VINCPREV TINYINT, DESCRICAO VARCHAR);"
main_dbt_test__audit,source_not_null_main_vincprev_VINCPREV,False,0,2,0,0,"CREATE TABLE main_dbt_test__audit.source_not_null_main_vincprev_VINCPREV(VINCPREV TINYINT, DESCRICAO VARCHAR);"
main_dbt_test__audit,source_relationships_main_hosp_af9492e85d8ab80c0f30fec05b85012e,False,22,1,0,0,CREATE TABLE main_dbt_test__audit.source_relationships_main_hosp_af9492e85d8ab80c0f30fec05b85012e(from_field INTEGER);
main_dbt_test__audit,source_relationships_main_inte_003bf65cd26dacabf3c106a55fe73dce,False,2818,1,0,0,CREATE TABLE main_dbt_test__audit.source_relationships_main_inte_003bf65cd26dacabf3c106a55fe73dce(from_field TINYINT);
main_dbt_test__audit,source_relationships_main_inte_01d6d98ba1ce6a1b15cd0aaa3ad2d03d,False,114750667,1,0,0,CREATE TABLE main_dbt_test__audit.source_relationships_main_inte_01d6d98ba1ce6a1b15cd0aaa3ad2d03d(from_field VARCHAR);
main_dbt_test__audit,source_relationships_main_inte_101823f556112fa23ddf3389526b63d1,False,0,1,0,0,CREATE TABLE main_dbt_test__audit.source_relationships_main_inte_101823f556112fa23ddf3389526b63d1(from_field TINYINT);
main_dbt_test__audit,source_relationships_main_inte_1d2f51b325a9ba82df75212c72cdb950,False,0,1,0,0,CREATE TABLE main_dbt_test__audit.source_relationships_main_inte_1d2f51b325a9ba82df75212c72cdb950(from_field BIGINT);
main_dbt_test__audit,source_relationships_main_inte_1eca6ef348e13b408da8989c4cc97b5b,False,183858355,1,0,0,CREATE TABLE main_dbt_test__audit.source_relationships_main_inte_1eca6ef348e13b408da8989c4cc97b5b(from_field TINYINT);
main_dbt_test__audit,source_relationships_main_inte_214665dc766c240f1798063cd2613723,False,116180756,1,0,0,CREATE TABLE main_dbt_test__audit.source_relationships_main_inte_214665dc766c240f1798063cd2613723(from_field VARCHAR);
main_dbt_test__audit,source_relationships_main_inte_29256be1b4f85d65fc1280af0bb276b0,False,0,1,0,0,CREATE TABLE main_dbt_test__audit.source_relationships_main_inte_29256be1b4f85d65fc1280af0bb276b0(from_field TINYINT);
main_dbt_test__audit,source_relationships_main_inte_2a1ac166274c275684c54257999133ce,False,116710629,1,0,0,CREATE TABLE main_dbt_test__audit.source_relationships_main_inte_2a1ac166274c275684c54257999133ce(from_field VARCHAR);
main_dbt_test__audit,source_relationships_main_inte_3bf772a30f6ca9f86a5816c15d47d4c9,False,183502179,1,0,0,CREATE TABLE main_dbt_test__audit.source_relationships_main_inte_3bf772a30f6ca9f86a5816c15d47d4c9(from_field SMALLINT);
main_dbt_test__audit,source_relationships_main_inte_4c19f1327477bcdde9cbf1b6f113a9dd,False,117076265,1,0,0,CREATE TABLE main_dbt_test__audit.source_relationships_main_inte_4c19f1327477bcdde9cbf1b6f113a9dd(from_field VARCHAR);
main_dbt_test__audit,source_relationships_main_inte_4feb2349c9aae6bc7827e77150823f16,False,117076265,1,0,0,CREATE TABLE main_dbt_test__audit.source_relationships_main_inte_4feb2349c9aae6bc7827e77150823f16(from_field VARCHAR);
main_dbt_test__audit,source_relationships_main_inte_5ccb13b21da8915cf8a1a1707522d12c,False,12,1,0,0,CREATE TABLE main_dbt_test__audit.source_relationships_main_inte_5ccb13b21da8915cf8a1a1707522d12c(from_field VARCHAR);
main_dbt_test__audit,source_relationships_main_inte_7ac46c47dabb88d9c4185eeacdfc2769,False,173333293,1,0,0,CREATE TABLE main_dbt_test__audit.source_relationships_main_inte_7ac46c47dabb88d9c4185eeacdfc2769(from_field VARCHAR);
main_dbt_test__audit,source_relationships_main_inte_84fb54c151ea7aeb7967873423e83d08,False,181005234,1,0,0,CREATE TABLE main_dbt_test__audit.source_relationships_main_inte_84fb54c151ea7aeb7967873423e83d08(from_field VARCHAR);
main_dbt_test__audit,source_relationships_main_inte_88bdc55ba5cf0dff52192c85210c70c1,False,34,1,0,0,CREATE TABLE main_dbt_test__audit.source_relationships_main_inte_88bdc55ba5cf0dff52192c85210c70c1(from_field SMALLINT);
main_dbt_test__audit,source_relationships_main_inte_9a5ac789578c03d3878cf370cae2290c,False,117058530,1,0,0,CREATE TABLE main_dbt_test__audit.source_relationships_main_inte_9a5ac789578c03d3878cf370cae2290c(from_field VARCHAR);
main_dbt_test__audit,source_relationships_main_inte_a6ae8967bfcfd29d3c16da8e28a229c3,False,95448360,1,0,0,CREATE TABLE main_dbt_test__audit.source_relationships_main_inte_a6ae8967bfcfd29d3c16da8e28a229c3(from_field VARCHAR);
main_dbt_test__audit,source_relationships_main_inte_aa57f2b929f7a5546015d28a82cbce59,False,182133421,1,0,0,CREATE TABLE main_dbt_test__audit.source_relationships_main_inte_aa57f2b929f7a5546015d28a82cbce59(from_field VARCHAR);
main_dbt_test__audit,source_relationships_main_inte_baa10a92a581828d095d0efdd752a8d8,False,182119718,1,0,0,CREATE TABLE main_dbt_test__audit.source_relationships_main_inte_baa10a92a581828d095d0efdd752a8d8(from_field TINYINT);
main_dbt_test__audit,source_relationships_main_inte_c4bd8260baa159b682c36cd225ce7c98,False,627,1,0,0,CREATE TABLE main_dbt_test__audit.source_relationships_main_inte_c4bd8260baa159b682c36cd225ce7c98(from_field BIGINT);
main_dbt_test__audit,source_relationships_main_inte_c5ab0d270fe1518fa52bbf1bc63f5cd2,False,182732638,1,0,0,CREATE TABLE main_dbt_test__audit.source_relationships_main_inte_c5ab0d270fe1518fa52bbf1bc63f5cd2(from_field TINYINT);
main_dbt_test__audit,source_relationships_main_inte_ce103a8b59e28f4117f4f327c231800f,False,0,1,0,0,CREATE TABLE main_dbt_test__audit.source_relationships_main_inte_ce103a8b59e28f4117f4f327c231800f(from_field INTEGER);
main_dbt_test__audit,source_relationships_main_inte_ce48749eca09d747ff0cde52163216d2,False,116936986,1,0,0,CREATE TABLE main_dbt_test__audit.source_relationships_main_inte_ce48749eca09d747ff0cde52163216d2(from_field VARCHAR);
main_dbt_test__audit,source_relationships_main_inte_cf75d8c49752e7842e6dfa0cc07d59ec,False,48760813,1,0,0,CREATE TABLE main_dbt_test__audit.source_relationships_main_inte_cf75d8c49752e7842e6dfa0cc07d59ec(from_field TINYINT);
main_dbt_test__audit,source_relationships_main_inte_d10d17c954eae75d0d71544e28f16249,False,117027259,1,0,0,CREATE TABLE main_dbt_test__audit.source_relationships_main_inte_d10d17c954eae75d0d71544e28f16249(from_field VARCHAR);
main_dbt_test__audit,source_relationships_main_inte_d36364804cdb6ec95ec38a629cc8c2c6,False,1270397,1,0,0,CREATE TABLE main_dbt_test__audit.source_relationships_main_inte_d36364804cdb6ec95ec38a629cc8c2c6(from_field INTEGER);
main_dbt_test__audit,source_relationships_main_inte_d761c09c93c45b856a3f45046ff7eb34,False,182119635,1,0,0,CREATE TABLE main_dbt_test__audit.source_relationships_main_inte_d761c09c93c45b856a3f45046ff7eb34(from_field TINYINT);
main_dbt_test__audit,source_relationships_main_inte_e24ecb984c6e2d587e01eadd9ab63b91,False,183858355,1,0,0,CREATE TABLE main_dbt_test__audit.source_relationships_main_inte_e24ecb984c6e2d587e01eadd9ab63b91(from_field VARCHAR);
main_dbt_test__audit,source_relationships_main_inte_ea730314920b831b4f6cac966a8cfb41,False,0,1,0,0,CREATE TABLE main_dbt_test__audit.source_relationships_main_inte_ea730314920b831b4f6cac966a8cfb41(from_field TINYINT);
main_dbt_test__audit,source_relationships_main_inte_f24139773aa85d1a6a68992569ed12b6,False,1044,1,0,0,CREATE TABLE main_dbt_test__audit.source_relationships_main_inte_f24139773aa85d1a6a68992569ed12b6(from_field VARCHAR);
main_dbt_test__audit,source_relationships_main_soci_79f2271162d3a7343632023bbd034bec,False,0,1,0,0,CREATE TABLE main_dbt_test__audit.source_relationships_main_soci_79f2271162d3a7343632023bbd034bec(from_field INTEGER);
main_dbt_test__audit,source_unique_main_car_int_CAR_INT,False,0,2,0,0,"CREATE TABLE main_dbt_test__audit.source_unique_main_car_int_CAR_INT(unique_field TINYINT, n_records BIGINT);"
main_dbt_test__audit,source_unique_main_cbor_CBOR,False,0,2,0,0,"CREATE TABLE main_dbt_test__audit.source_unique_main_cbor_CBOR(unique_field VARCHAR, n_records BIGINT);"
main_dbt_test__audit,source_unique_main_cid_CID,False,0,2,0,0,"CREATE TABLE main_dbt_test__audit.source_unique_main_cid_CID(unique_field VARCHAR, n_records BIGINT);"
main_dbt_test__audit,source_unique_main_complexidade_COMPLEX,False,0,2,0,0,"CREATE TABLE main_dbt_test__audit.source_unique_main_complexidade_COMPLEX(unique_field VARCHAR, n_records BIGINT);"
main_dbt_test__audit,source_unique_main_contraceptivos_CONTRACEPTIVO,False,0,2,0,0,"CREATE TABLE main_dbt_test__audit.source_unique_main_contraceptivos_CONTRACEPTIVO(unique_field TINYINT, n_records BIGINT);"
main_dbt_test__audit,source_unique_main_especialidade_ESPEC,False,0,2,0,0,"CREATE TABLE main_dbt_test__audit.source_unique_main_especialidade_ESPEC(unique_field TINYINT, n_records BIGINT);"
main_dbt_test__audit,source_unique_main_etnia_ETNIA,False,0,2,0,0,"CREATE TABLE main_dbt_test__audit.source_unique_main_etnia_ETNIA(unique_field SMALLINT, n_records BIGINT);"
main_dbt_test__audit,source_unique_main_hospital_CNES,False,0,2,0,0,"CREATE TABLE main_dbt_test__audit.source_unique_main_hospital_CNES(unique_field INTEGER, n_records BIGINT);"
main_dbt_test__audit,source_unique_main_instrucao_INSTRU,False,0,2,0,0,"CREATE TABLE main_dbt_test__audit.source_unique_main_instrucao_INSTRU(unique_field TINYINT, n_records BIGINT);"
main_dbt_test__audit,source_unique_main_internacao_procedimento_id_atendimento,False,0,2,0,0,"CREATE TABLE main_dbt_test__audit.source_unique_main_internacao_procedimento_id_atendimento(unique_field UBIGINT, n_records BIGINT);"
main_dbt_test__audit,source_unique_main_internacoes_N_AIH,False,0,2,0,0,"CREATE TABLE main_dbt_test__audit.source_unique_main_internacoes_N_AIH(unique_field BIGINT, n_records BIGINT);"
main_dbt_test__audit,source_unique_main_marca_uti_MARCA_UTI,False,0,2,0,0,"CREATE TABLE main_dbt_test__audit.source_unique_main_marca_uti_MARCA_UTI(unique_field TINYINT, n_records BIGINT);"
main_dbt_test__audit,source_unique_main_municipios_CO_MUNICIPIO_6D,False,0,2,0,0,"CREATE TABLE main_dbt_test__audit.source_unique_main_municipios_CO_MUNICIPIO_6D(unique_field INTEGER, n_records BIGINT);"
main_dbt_test__audit,source_unique_main_municipios_CO_MUNICIPIO_7D,False,0,2,0,0,"CREATE TABLE main_dbt_test__audit.source_unique_main_municipios_CO_MUNICIPIO_7D(unique_field INTEGER, n_records BIGINT);"
main_dbt_test__audit,source_unique_main_nacionalidade_NACIONAL,False,0,2,0,0,"CREATE TABLE main_dbt_test__audit.source_unique_main_nacionalidade_NACIONAL(unique_field SMALLINT, n_records BIGINT);"
main_dbt_test__audit,source_unique_main_procedimentos_PROC_REA,False,0,2,0,0,"CREATE TABLE main_dbt_test__audit.source_unique_main_procedimentos_PROC_REA(unique_field BIGINT, n_records BIGINT);"
main_dbt_test__audit,source_unique_main_raca_cor_RACA_COR,False,0,2,0,0,"CREATE TABLE main_dbt_test__audit.source_unique_main_raca_cor_RACA_COR(unique_field TINYINT, n_records BIGINT);"
main_dbt_test__audit,source_unique_main_sexo_SEXO,False,0,2,0,0,"CREATE TABLE main_dbt_test__audit.source_unique_main_sexo_SEXO(unique_field TINYINT, n_records BIGINT);"
main_dbt_test__audit,source_unique_main_tempo_data,False,0,2,0,0,"CREATE TABLE main_dbt_test__audit.source_unique_main_tempo_data(unique_field DATE, n_records BIGINT);"
main_dbt_test__audit,source_unique_main_vincprev_VINCPREV,False,0,2,0,0,"CREATE TABLE main_dbt_test__audit.source_unique_main_vincprev_VINCPREV(unique_field TINYINT, n_records BIGINT);"
